Date,Open,High,Low,Close,Adj Close,Volume,50_day_MA,Signal,Pnl
2020-01-01,108.68000030517578,111.41000366210938,108.62999725341797,108.68099975585938,108.68099975585938,0,,0,
2020-01-02,108.71399688720703,108.86000061035156,108.22100067138672,108.71299743652344,108.71299743652344,0,,0,-0.0
2020-01-03,108.54000091552734,108.5510025024414,107.91500091552734,108.54299926757812,108.54299926757812,0,,0,-0.0
2020-01-06,107.9990005493164,108.41000366210938,107.9219970703125,107.96399688720703,107.96399688720703,0,,0,0.0
2020-01-07,108.41100311279297,108.61699676513672,108.26100158691406,108.40599822998047,108.40599822998047,0,,0,-0.0
2020-01-08,107.97799682617188,109.08899688720703,107.65699768066406,108.01599884033203,108.01599884033203,0,,0,0.0
2020-01-09,109.04900360107422,109.57599639892578,109.04900360107422,109.03099822998047,109.03099822998047,0,,0,0.0
2020-01-10,109.4990005493164,109.67500305175781,109.45600128173828,109.50700378417969,109.50700378417969,0,,0,0.0
2020-01-13,109.53399658203125,109.93499755859375,109.53199768066406,109.56600189208984,109.56600189208984,0,,0,0.0
2020-01-14,110.0,110.1709976196289,109.89099884033203,109.99199676513672,109.99199676513672,0,,0,-0.0
2020-01-15,109.8740005493164,109.99600219726562,109.79199981689453,109.85399627685547,109.85399627685547,0,,0,0.0
2020-01-16,109.8759994506836,110.16999816894531,109.8759994506836,109.88300323486328,109.88300323486328,0,,0,0.0
2020-01-17,110.16899871826172,110.2750015258789,110.05799865722656,110.17500305175781,110.17500305175781,0,,0,0.0
2020-01-20,110.19499969482422,110.21299743652344,110.11399841308594,110.18000030517578,110.18000030517578,0,,0,-0.0
2020-01-21,110.17900085449219,110.21800231933594,109.86199951171875,110.1729965209961,110.1729965209961,0,,0,-0.0
2020-01-22,109.91899871826172,110.0770034790039,109.83699798583984,109.90799713134766,109.90799713134766,0,,0,-0.0
2020-01-23,109.73600006103516,109.75,109.26899719238281,109.72799682617188,109.72799682617188,0,,0,-0.0
2020-01-24,109.56500244140625,109.64600372314453,109.30500030517578,109.552001953125,109.552001953125,0,,0,-0.0
2020-01-27,108.81400299072266,109.13200378417969,108.81400299072266,108.802001953125,108.802001953125,0,,0,0.0
2020-01-28,108.92900085449219,109.18800354003906,108.76200103759766,108.91999816894531,108.91999816894531,0,,0,0.0
2020-01-29,109.12999725341797,109.22599792480469,108.99400329589844,109.13200378417969,109.13200378417969,0,,0,-0.0
2020-01-30,108.99600219726562,109.03800201416016,108.65699768066406,108.98699951171875,108.98699951171875,0,,0,-0.0
2020-01-31,108.90899658203125,109.11499786376953,108.34100341796875,108.87699890136719,108.87699890136719,0,,0,-0.0
2020-02-03,108.38099670410156,108.7959976196289,108.36599731445312,108.37200164794922,108.37200164794922,0,,0,0.0
2020-02-04,108.61000061035156,109.43800354003906,108.55799865722656,108.61199951171875,108.61199951171875,0,,0,0.0
2020-02-05,109.44400024414062,109.83399963378906,109.31199645996094,109.4469985961914,109.4469985961914,0,,0,0.0
2020-02-06,109.80400085449219,109.9800033569336,109.78099822998047,109.81400299072266,109.81400299072266,0,,0,0.0
2020-02-07,109.95500183105469,109.97899627685547,109.53099822998047,109.96800231933594,109.96800231933594,0,,0,-0.0
2020-02-10,109.62899780273438,109.87000274658203,109.61100006103516,109.6449966430664,109.6449966430664,0,,0,0.0
2020-02-11,109.75800323486328,109.9540023803711,109.74199676513672,109.76599884033203,109.76599884033203,0,,0,0.0
2020-02-12,109.83699798583984,110.12100219726562,109.79000091552734,109.84300231933594,109.84300231933594,0,,0,0.0
2020-02-13,109.85700225830078,109.97699737548828,109.62799835205078,109.84600067138672,109.84600067138672,0,,0,-0.0
2020-02-14,109.78600311279297,109.90799713134766,109.70500183105469,109.75800323486328,109.75800323486328,0,,0,-0.0
2020-02-17,109.7770004272461,109.9540023803711,109.72100067138672,109.79100036621094,109.79100036621094,0,,0,0.0
2020-02-18,109.8290023803711,109.94000244140625,109.65599822998047,109.83000183105469,109.83000183105469,0,,0,0.0
2020-02-19,109.9280014038086,111.302001953125,109.86599731445312,109.91899871826172,109.91899871826172,0,,0,0.0
2020-02-20,111.2020034790039,112.18599700927734,111.11299896240234,111.20999908447266,111.20999908447266,0,,0,0.0
2020-02-21,111.96700286865234,112.16799926757812,111.51699829101562,111.9540023803711,111.9540023803711,0,,0,-0.0
2020-02-24,111.55500030517578,111.65699768066406,110.51000213623047,111.55699920654297,111.55699920654297,0,,0,-0.0
2020-02-25,110.86699676513672,111.03500366210938,110.03900146484375,110.85700225830078,110.85700225830078,0,,0,-0.0
2020-02-26,110.27899932861328,110.68900299072266,110.14800262451172,110.28600311279297,110.28600311279297,0,,0,0.0
2020-02-27,110.35800170898438,110.38800048828125,109.70700073242188,110.36299896240234,110.36299896240234,0,,0,-0.0
2020-02-28,109.65799713134766,109.65799713134766,107.77799987792969,109.66000366210938,109.66000366210938,0,,0,-0.0
2020-03-02,107.75199890136719,108.55799865722656,107.41500091552734,107.6969985961914,107.6969985961914,0,,0,0.0
2020-03-03,108.4469985961914,108.4469985961914,107.22100067138672,108.48699951171875,108.48699951171875,0,,0,-0.0
2020-03-04,107.06900024414062,107.6709976196289,107.0479965209961,107.03700256347656,107.03700256347656,0,,0,0.0
2020-03-05,107.65299987792969,107.65299987792969,106.50800323486328,107.677001953125,107.677001953125,0,,0,-0.0
2020-03-06,106.26100158691406,106.33599853515625,104.99600219726562,106.24800109863281,106.24800109863281,0,,0,-0.0
2020-03-09,103.9729995727539,104.25700378417969,101.28299713134766,103.93800354003906,103.93800354003906,0,,0,-0.0
2020-03-10,103.10800170898438,105.18900299072266,102.73899841308594,103.11199951171875,103.11199951171875,0,109.14878021240234,-1,0.0
2020-03-11,105.07099914550781,105.28099822998047,104.11900329589844,105.0260009765625,105.0260009765625,0,109.07660018920899,-1,0.430999755859375
2020-03-12,104.63999938964844,105.71600341796875,103.13800048828125,104.55000305175781,104.55000305175781,0,108.99512023925782,-1,-0.069000244140625
2020-03-13,104.70899963378906,107.47100067138672,104.69100189208984,104.61000061035156,104.61000061035156,0,108.91850021362305,-1,-1.8700027465820312
2020-03-16,106.5790023803711,107.52899932861328,105.14700317382812,106.68800354003906,106.68800354003906,0,108.89010025024415,-1,0.31999969482421875
2020-03-17,106.25900268554688,107.56099700927734,106.0790023803711,106.17500305175781,106.17500305175781,0,108.84706024169923,-1,-1.0830001831054688
2020-03-18,107.34200286865234,108.48799896240234,106.75900268554688,107.37699890136719,107.37699890136719,0,108.83434036254883,-1,-1.0709991455078125
2020-03-19,108.41300201416016,110.13899993896484,108.1969985961914,108.36000061035156,108.36000061035156,0,108.82162033081055,-1,-2.8870010375976562
2020-03-20,111.30000305175781,111.33699798583984,109.3759994506836,111.29100036621094,111.29100036621094,0,108.85764038085938,0,0.8960037231445312
2020-03-23,110.40399932861328,111.3489990234375,109.68099975585938,110.46199798583984,110.46199798583984,0,108.87504043579102,0,0.0
2020-03-24,110.86399841308594,111.48699951171875,110.11399841308594,110.8270034790039,110.8270034790039,0,108.89232040405274,0,0.0
2020-03-25,111.11499786376953,111.66799926757812,110.75199890136719,111.12000274658203,111.12000274658203,0,108.9171403503418,0,-0.0
2020-03-26,110.85800170898438,110.93399810791016,109.36100006103516,110.8759994506836,110.8759994506836,0,108.93678039550781,0,-0.0
2020-03-27,109.13600158691406,109.36399841308594,107.88400268554688,109.10900115966797,109.10900115966797,0,108.91612045288086,0,-0.0
2020-03-30,107.43900299072266,108.28700256347656,107.15299987792969,107.41300201416016,107.41300201416016,0,108.86100051879883,-1,0.0
2020-03-31,108.05599975585938,108.71199798583984,107.46499633789062,108.03500366210938,108.03500366210938,0,108.81854049682617,-1,0.5989990234375
2020-04-01,107.45700073242188,107.89700317382812,107.02899932861328,107.50800323486328,107.50800323486328,0,108.76930053710937,-1,0.17099761962890625
2020-04-02,107.28600311279297,107.97799682617188,107.03399658203125,107.25700378417969,107.25700378417969,0,108.72030059814453,-1,-0.7609939575195312
2020-04-03,108.0469970703125,108.6719970703125,107.81300354003906,108.0009994506836,108.0009994506836,0,108.68994049072266,-1,-0.6320037841796875
2020-04-06,108.67900085449219,109.35299682617188,108.67900085449219,108.69300079345703,108.69300079345703,0,108.68724044799805,-1,-0.4069976806640625
2020-04-07,109.08599853515625,109.12699890136719,108.6760025024414,109.11499786376953,109.11499786376953,0,108.69038040161132,0,0.42099761962890625
2020-04-08,108.66500091552734,109.0739974975586,108.51300048828125,108.6510009765625,108.6510009765625,0,108.68108047485352,-1,0.0
2020-04-09,108.89900207519531,109.05799865722656,108.36000061035156,108.9219970703125,108.9219970703125,0,108.67914047241212,0,0.34799957275390625
2020-04-10,108.5510025024414,108.56400299072266,108.3290023803711,108.56099700927734,108.56099700927734,0,108.67198059082031,-1,-0.0
2020-04-13,108.3499984741211,108.37100219726562,107.56300354003906,108.33599853515625,108.33599853515625,0,108.6713606262207,-1,0.7179946899414062
2020-04-14,107.63200378417969,107.7490005493164,107.072998046875,107.62300109863281,107.62300109863281,0,108.65180068969727,-1,0.5280075073242188
2020-04-15,107.10399627685547,107.83699798583984,106.93000030517578,107.10399627685547,107.10399627685547,0,108.60500061035157,-1,-0.5120010375976562
2020-04-16,107.61599731445312,108.0770034790039,107.18599700927734,107.60900115966797,107.60900115966797,0,108.56124053955078,-1,-0.31800079345703125
2020-04-17,107.93399810791016,107.94300079345703,107.30599975585938,107.94499969482422,107.94499969482422,0,108.5208204650879,-1,0.2449951171875
2020-04-20,107.68900299072266,107.94599914550781,107.60199737548828,107.66999816894531,107.66999816894531,0,108.48202056884766,-1,0.01800537109375
2020-04-21,107.6709976196289,107.81199645996094,107.2959976196289,107.66899871826172,107.66899871826172,0,108.44028045654296,-1,-0.07900238037109375
2020-04-22,107.75,107.93099975585938,107.5260009765625,107.72100067138672,107.72100067138672,0,108.39854049682617,-1,-0.0619964599609375
2020-04-23,107.81199645996094,107.97000122070312,107.3499984741211,107.81300354003906,107.81300354003906,0,108.35764038085938,-1,0.162994384765625
2020-04-24,107.64900207519531,107.75,107.41300201416016,107.66699981689453,107.66699981689453,0,108.31490036010742,-1,0.1450042724609375
2020-04-27,107.50399780273438,107.61599731445312,107.0,107.49500274658203,107.49500274658203,0,108.26944030761719,-1,0.21799468994140625
2020-04-28,107.28600311279297,107.33399963378906,106.56199645996094,107.28299713134766,107.28299713134766,0,108.21858032226562,-1,0.5340042114257812
2020-04-29,106.75199890136719,106.75800323486328,106.36399841308594,106.74099731445312,106.74099731445312,0,108.1550602722168,-1,0.1510009765625
2020-04-30,106.60099792480469,107.10800170898438,106.41600036621094,106.61000061035156,106.61000061035156,0,108.06304016113282,-1,-0.7040023803710938
2020-05-01,107.30500030517578,107.39900207519531,106.61000061035156,107.28500366210938,107.28500366210938,0,107.96980010986329,-1,0.5540008544921875
2020-05-04,106.7509994506836,107.05500030517578,106.6719970703125,106.73799896240234,106.73799896240234,0,107.87372009277344,-1,0.06800079345703125
2020-05-05,106.68299865722656,106.88899993896484,106.48400115966797,106.6969985961914,106.6969985961914,0,107.79004013061524,-1,0.2519989013671875
2020-05-06,106.43099975585938,106.43099975585938,106.02400207519531,106.4520034790039,106.4520034790039,0,107.71308013916016,-1,0.22100067138671875
2020-05-07,106.20999908447266,106.64600372314453,106.13899993896484,106.19100189208984,106.19100189208984,0,107.63012008666992,-1,-0.18000030517578125
2020-05-08,106.38999938964844,106.72000122070312,106.23300170898438,106.35900115966797,106.35900115966797,0,107.56476013183594,-1,-0.5149993896484375
2020-05-11,106.90499877929688,107.72799682617188,106.7750015258789,106.91899871826172,106.91899871826172,0,107.54782012939454,-1,-0.6829986572265625
2020-05-12,107.58799743652344,107.6729965209961,107.21600341796875,107.56600189208984,107.56600189208984,0,107.53064010620118,0,0.42499542236328125
2020-05-13,107.16300201416016,107.2509994506836,106.76200103759766,107.13800048828125,107.13800048828125,0,107.53252014160157,-1,-0.0
2020-05-14,106.91400146484375,107.16400146484375,106.78500366210938,106.93299865722656,106.93299865722656,0,107.51774017333985,-1,-0.44699859619140625
2020-05-15,107.36100006103516,107.43199920654297,106.8759994506836,107.36499786376953,107.36499786376953,0,107.53974014282227,-1,0.1320037841796875
2020-05-18,107.22899627685547,107.49500274658203,107.06700134277344,107.20800018310547,107.20800018310547,0,107.6048600769043,-1,-0.14800262451171875
2020-05-19,107.37699890136719,108.0739974975586,107.30500030517578,107.38099670410156,107.38099670410156,0,107.69024002075196,-1,-0.4420013427734375
2020-05-20,107.81900024414062,107.9749984741211,107.34600067138672,107.80999755859375,107.80999755859375,0,107.7452000427246,0,0.220001220703125
2020-05-21,107.5989990234375,107.84700012207031,107.57499694824219,107.59100341796875,107.59100341796875,0,107.80438003540038,-1,0.0
2020-05-22,107.63400268554688,107.76000213623047,107.33399963378906,107.63099670410156,107.63099670410156,0,107.86288009643555,-1,-0.10599517822265625
2020-05-25,107.73999786376953,107.77200317382812,107.62999725341797,107.73500061035156,107.73500061035156,0,107.88610000610352,-1,0.04999542236328125
2020-05-26,107.69000244140625,107.91600036621094,107.40299987792969,107.68699645996094,107.68699645996094,0,107.9147200012207,-1,0.2010040283203125
2020-05-27,107.48899841308594,107.93199920654297,107.37200164794922,107.49099731445312,107.49099731445312,0,107.91765991210937,-1,-0.31400299072265625
2020-05-28,107.8030014038086,107.89600372314453,107.5790023803711,107.7979965209961,107.7979965209961,0,107.90545989990234,-1,0.177001953125
2020-05-29,107.6259994506836,107.81199645996094,107.08999633789062,107.64299774169922,107.64299774169922,0,107.83197982788086,-1,-0.0879974365234375
2020-06-01,107.71399688720703,107.8499984741211,107.39399719238281,107.70800018310547,107.70800018310547,0,107.77817977905273,-1,0.167999267578125
2020-06-02,107.5459976196289,108.65799713134766,107.51699829101562,107.5479965209961,107.5479965209961,0,107.7118197631836,-1,-1.272003173828125
2020-06-03,108.81800079345703,108.9739990234375,108.4209976196289,108.80899810791016,108.80899810791016,0,107.66587982177734,0,-0.16300201416015625
2020-06-04,108.98100280761719,109.15299987792969,108.61900329589844,108.9990005493164,108.9990005493164,0,107.62833984375,0,0.0
2020-06-05,109.12000274658203,109.84600067138672,109.0479965209961,109.1500015258789,109.1500015258789,0,107.62801986694336,0,0.0
2020-06-08,109.58999633789062,109.5999984741211,108.41300201416016,109.63400268554688,109.63400268554688,0,107.67103973388672,0,-0.0
2020-06-09,108.36900329589844,108.36900329589844,107.64600372314453,108.40899658203125,108.40899658203125,0,107.6772998046875,0,-0.0
2020-06-10,107.81700134277344,107.86699676513672,107.177001953125,107.7969970703125,107.7969970703125,0,107.68449981689453,0,-0.0
2020-06-11,107.01499938964844,107.22699737548828,106.5979995727539,106.98100280761719,106.98100280761719,0,107.67907974243164,-1,-0.0
2020-06-12,106.8219985961914,107.5510025024414,106.60099792480469,106.8030014038086,106.8030014038086,0,107.65457977294922,-1,-0.4850006103515625
2020-06-15,107.30699920654297,107.47699737548828,107.0,107.31099700927734,107.31099700927734,0,107.62713973999024,-1,-0.15799713134765625
2020-06-16,107.46499633789062,107.62000274658203,107.23999786376953,107.46399688720703,107.46399688720703,0,107.59471969604492,-1,0.08499908447265625
2020-06-17,107.37999725341797,107.43699645996094,107.16300201416016,107.41000366210938,107.41000366210938,0,107.56901962280273,-1,0.516998291015625
2020-06-18,106.86299896240234,107.12300109863281,106.66600036621094,106.89399719238281,106.89399719238281,0,107.52829956054687,-1,-0.128997802734375
2020-06-19,106.99199676513672,107.04000091552734,106.77200317382812,107.00599670410156,107.00599670410156,0,107.49711944580078,-1,0.1739959716796875
2020-06-22,106.81800079345703,106.99800109863281,106.78299713134766,106.83100128173828,106.83100128173828,0,107.4664794921875,-1,-0.06800079345703125
2020-06-23,106.88600158691406,107.21700286865234,106.08200073242188,106.90299987792969,106.90299987792969,0,107.4515594482422,-1,0.47299957275390625
2020-06-24,106.41300201416016,106.97599792480469,106.38400268554688,106.43199920654297,106.43199920654297,0,107.43773956298828,-1,-0.6189956665039062
2020-06-25,107.03199768066406,107.44499969482422,107.02999877929688,107.04399871826172,107.04399871826172,0,107.4260595703125,-1,-0.121002197265625
2020-06-26,107.15299987792969,107.3489990234375,106.7979965209961,107.15499877929688,107.15499877929688,0,107.4104396057129,-1,-0.069000244140625
2020-06-29,107.22200012207031,107.87999725341797,107.0510025024414,107.21800231933594,107.21800231933594,0,107.40109954833984,-1,-0.378997802734375
2020-06-30,107.60099792480469,107.9219970703125,107.52999877929688,107.58999633789062,107.58999633789062,0,107.39969955444336,0,-0.384002685546875
2020-07-01,107.98500061035156,108.15799713134766,107.36799621582031,107.98899841308594,107.98899841308594,0,107.4043995666504,0,-0.0
2020-07-02,107.35800170898438,107.71700286865234,107.34700012207031,107.36599731445312,107.36599731445312,0,107.39531967163086,-1,0.0
2020-07-03,107.50900268554688,107.56600189208984,107.43900299072266,107.49700164794922,107.49700164794922,0,107.39251968383789,0,-0.06999969482421875
2020-07-06,107.5790023803711,107.7699966430664,107.43399810791016,107.5790023803711,107.5790023803711,0,107.39401977539063,0,-0.0
2020-07-07,107.35299682617188,107.78800201416016,107.2300033569336,107.35900115966797,107.35900115966797,0,107.3953596496582,-1,0.0
2020-07-08,107.5739974975586,107.70500183105469,107.38700103759766,107.5780029296875,107.5780029296875,0,107.41179962158203,0,0.30899810791015625
2020-07-09,107.26499938964844,107.39199829101562,107.10299682617188,107.28299713134766,107.28299713134766,0,107.4250796508789,-1,-0.0
2020-07-10,107.23300170898438,107.26200103759766,106.66500091552734,107.23600006103516,107.23600006103516,0,107.42363967895508,-1,0.3209991455078125
2020-07-13,106.91200256347656,107.31099700927734,106.78800201416016,106.91000366210938,106.91000366210938,0,107.42685974121093,-1,-0.37799835205078125
2020-07-14,107.29000091552734,107.41200256347656,107.12000274658203,107.2760009765625,107.2760009765625,0,107.43899978637695,-1,0.0449981689453125
2020-07-15,107.24500274658203,107.30500030517578,106.66300201416016,107.24500274658203,107.24500274658203,0,107.4552798461914,-1,0.36100006103515625
2020-07-16,106.88400268554688,107.1969985961914,106.83799743652344,106.91699981689453,106.91699981689453,0,107.4687599182129,-1,-0.40399932861328125
2020-07-17,107.28800201416016,107.35299682617188,107.05999755859375,107.27799987792969,107.27799987792969,0,107.48671997070312,-1,0.21099853515625
2020-07-20,107.0770034790039,107.5,107.03700256347656,107.08999633789062,107.08999633789062,0,107.49016006469726,-1,-0.093994140625
2020-07-21,107.1709976196289,107.36399841308594,106.80500030517578,107.19599914550781,107.19599914550781,0,107.48182006835937,-1,0.35699462890625
2020-07-22,106.81400299072266,107.2020034790039,106.71800231933594,106.83200073242188,106.83200073242188,0,107.47484008789063,-1,-0.35199737548828125
2020-07-23,107.16600036621094,107.21600341796875,106.83300018310547,107.17500305175781,107.17500305175781,0,107.47988006591797,-1,0.3300018310546875
2020-07-24,106.83599853515625,106.83599853515625,105.75900268554688,106.83799743652344,106.83799743652344,0,107.46938003540039,-1,0.8799972534179688
2020-07-27,105.95600128173828,106.0469970703125,105.12100219726562,105.99299621582031,105.99299621582031,0,107.44392013549805,-1,0.6650009155273438
2020-07-28,105.29100036621094,105.67900085449219,104.95800018310547,105.26100158691406,105.26100158691406,0,107.40220016479492,-1,0.180999755859375
2020-07-29,105.11000061035156,105.22799682617188,104.80000305175781,105.10700225830078,105.10700225830078,0,107.34802017211913,-1,0.09400177001953125
2020-07-30,105.01599884033203,105.28800201416016,104.91200256347656,105.03199768066406,105.03199768066406,0,107.29636016845703,-1,0.3489990234375
2020-07-31,104.66699981689453,105.7959976196289,104.1989974975586,104.68299865722656,104.68299865722656,0,107.23702011108398,-1,-1.1780014038085938
2020-08-03,105.84500122070312,106.42900085449219,105.5790023803711,105.86599731445312,105.86599731445312,0,107.19912017822266,-1,-0.201995849609375
2020-08-04,106.0469970703125,106.19200134277344,105.72699737548828,106.02999877929688,106.02999877929688,0,107.16626007080077,-1,0.4499969482421875
2020-08-05,105.59700012207031,105.86399841308594,105.3280029296875,105.61399841308594,105.61399841308594,0,107.12842010498046,-1,0.0469970703125
2020-08-06,105.55000305175781,105.69100189208984,105.302001953125,105.5530014038086,105.5530014038086,0,107.08336013793945,-1,-0.01099395751953125
2020-08-07,105.56099700927734,106.04199981689453,105.4800033569336,105.58100128173828,105.58100128173828,0,107.04206008911133,-1,-0.2910003662109375
2020-08-10,105.85199737548828,106.19400024414062,105.70999908447266,105.8499984741211,105.8499984741211,0,107.00482009887695,-1,-0.14600372314453125
2020-08-11,105.99800109863281,106.57099914550781,105.94400024414062,105.99199676513672,105.99199676513672,0,106.97386016845704,-1,-0.45999908447265625
2020-08-12,106.45800018310547,106.99800109863281,106.45800018310547,106.52100372314453,106.52100372314453,0,106.92666015625,-1,-0.35399627685546875
2020-08-13,106.81199645996094,106.99099731445312,106.56999969482422,106.8219985961914,106.8219985961914,0,106.88328002929687,-1,-0.1529998779296875
2020-08-14,106.96499633789062,107.0270004272461,106.44599914550781,106.98600006103516,106.98600006103516,0,106.84017990112305,0,0.39599609375
2020-08-17,106.56900024414062,106.63800048828125,105.9530029296875,106.55400085449219,106.55400085449219,0,106.77975997924804,-1,-0.0
2020-08-18,105.98600006103516,105.98600006103516,105.29399871826172,105.99500274658203,105.99500274658203,0,106.73209991455079,-1,0.7639999389648438
2020-08-19,105.22200012207031,105.75900268554688,105.11399841308594,105.2239990234375,105.2239990234375,0,106.68019989013672,-1,-0.8679962158203125
2020-08-20,106.08999633789062,106.197998046875,105.77200317382812,106.0790023803711,106.0790023803711,0,106.66169982910156,-1,0.42099761962890625
2020-08-21,105.66899871826172,106.06900024414062,105.4530029296875,105.66500091552734,105.66500091552734,0,106.63863983154297,-1,-0.23400115966796875
2020-08-24,105.90299987792969,105.93900299072266,105.69000244140625,105.87699890136719,105.87699890136719,0,106.61055984497071,-1,-0.08899688720703125
2020-08-25,105.99199676513672,106.56400299072266,105.88099670410156,105.99299621582031,105.99299621582031,0,106.58109985351562,-1,-0.43000030517578125
2020-08-26,106.4219970703125,106.5510025024414,106.06300354003906,106.40499877929688,106.40499877929688,0,106.56193984985352,-1,0.550994873046875
2020-08-27,105.87100219726562,106.552001953125,105.62300109863281,105.85600280761719,105.85600280761719,0,106.54209991455077,-1,-0.787994384765625
2020-08-28,106.65899658203125,106.93800354003906,105.2030029296875,106.63700103759766,106.63700103759766,0,106.53543991088867,0,1.1349945068359375
2020-08-31,105.52400207519531,106.08100128173828,105.30699920654297,105.53500366210938,105.53500366210938,0,106.50955993652343,-1,0.0
2020-09-01,105.98999786376953,106.13600158691406,105.5989990234375,106.00399780273438,106.00399780273438,0,106.49163986206055,-1,0.12599945068359375
2020-09-02,105.86399841308594,106.2969970703125,105.86399841308594,105.89600372314453,105.89600372314453,0,106.48065979003906,-1,-0.33699798583984375
2020-09-03,106.20099639892578,106.53600311279297,106.04299926757812,106.20800018310547,106.20800018310547,0,106.46403976440429,-1,0.10999298095703125
2020-09-04,106.09100341796875,106.49500274658203,106.09100341796875,106.08599853515625,106.08599853515625,0,106.44279983520508,-1,-0.20099639892578125
2020-09-07,106.29199981689453,106.37100219726562,106.13500213623047,106.31099700927734,106.31099700927734,0,106.42419982910157,-1,-0.0019989013671875
2020-09-08,106.29399871826172,106.37799835205078,105.9000015258789,106.30500030517578,106.30500030517578,0,106.3980598449707,-1,0.3339996337890625
2020-09-09,105.95999908447266,106.25599670410156,105.81300354003906,105.96800231933594,105.96800231933594,0,106.35755981445313,-1,-0.2779998779296875
2020-09-10,106.23799896240234,106.28299713134766,105.98799896240234,106.23100280761719,106.23100280761719,0,106.33515975952149,-1,0.0930023193359375
2020-09-11,106.1449966430664,106.24400329589844,106.08000183105469,106.14299774169922,106.14299774169922,0,106.30787963867188,-1,0.01799774169921875
2020-09-14,106.12699890136719,106.16300201416016,105.552001953125,106.1449966430664,106.1449966430664,0,106.2788395690918,-1,0.38299560546875
2020-09-15,105.74400329589844,105.81500244140625,105.30000305175781,105.71499633789062,105.71499633789062,0,106.24665969848633,-1,0.363006591796875
2020-09-16,105.38099670410156,105.39600372314453,104.80799865722656,105.38099670410156,105.38099670410156,0,106.20279968261718,-1,0.33199310302734375
2020-09-17,105.04900360107422,105.16400146484375,104.52400207519531,105.06199645996094,105.06199645996094,0,106.1584797668457,-1,0.3600006103515625
2020-09-18,104.68900299072266,104.85900115966797,104.27300262451172,104.697998046875,104.697998046875,0,106.10759979248047,-1,0.15500640869140625
2020-09-21,104.53399658203125,104.76200103759766,104.00800323486328,104.53700256347656,104.53700256347656,0,106.06003967285156,-1,-0.18500518798828125
2020-09-22,104.71900177001953,105.06600189208984,104.41100311279297,104.69000244140625,104.69000244140625,0,106.00861968994141,-1,-0.34999847412109375
2020-09-23,105.06900024414062,105.37300109863281,104.91000366210938,105.03399658203125,105.03399658203125,0,105.96509963989257,-1,-0.2559967041015625
2020-09-24,105.32499694824219,105.5199966430664,105.21499633789062,105.30400085449219,105.30400085449219,0,105.93391952514648,-1,-0.11100006103515625
2020-09-25,105.43599700927734,105.697998046875,105.24700164794922,105.43499755859375,105.43499755859375,0,105.89687942504882,-1,-0.14800262451171875
2020-09-28,105.58399963378906,105.65899658203125,105.26399993896484,105.5739974975586,105.5739974975586,0,105.86701934814454,-1,0.14499664306640625
2020-09-29,105.43900299072266,105.72200012207031,105.3479995727539,105.43299865722656,105.43299865722656,0,105.83237945556641,-1,-0.22499847412109375
2020-09-30,105.66400146484375,105.7959976196289,105.40899658203125,105.66400146484375,105.66400146484375,0,105.80937942504883,-1,0.21500396728515625
2020-10-01,105.4489974975586,105.72200012207031,105.41799926757812,105.45099639892578,105.45099639892578,0,105.77503936767579,-1,-0.1150054931640625
2020-10-02,105.56400299072266,105.66500091552734,104.96199798583984,105.54299926757812,105.54299926757812,0,105.74959945678711,-1,0.02899932861328125
2020-10-05,105.53500366210938,105.75299835205078,105.41000366210938,105.51000213623047,105.51000213623047,0,105.74117950439454,-1,-0.18999481201171875
2020-10-06,105.7249984741211,105.73799896240234,105.51000213623047,105.70700073242188,105.70700073242188,0,105.74985946655273,-1,0.08699798583984375
2020-10-07,105.63800048828125,106.1050033569336,105.62699890136719,105.63999938964844,105.63999938964844,0,105.76041946411132,-1,-0.33499908447265625
2020-10-08,105.9729995727539,106.08300018310547,105.9229965209961,105.96499633789062,105.96499633789062,0,105.77955947875977,0,-0.048004150390625
2020-10-09,106.02100372314453,106.02100372314453,105.60800170898438,106.01799774169922,106.01799774169922,0,105.80663955688476,0,-0.0
2020-10-12,105.63800048828125,105.6510009765625,105.24400329589844,105.63200378417969,105.63200378417969,0,105.80249954223633,-1,-0.0
2020-10-13,105.3479995727539,105.6259994506836,105.28800201416016,105.33899688720703,105.33899688720703,0,105.78851959228516,-1,-0.12599945068359375
2020-10-14,105.4739990234375,105.51100158691406,105.03800201416016,105.47000122070312,105.47000122070312,0,105.7860595703125,-1,0.33499908447265625
2020-10-15,105.13899993896484,105.38800048828125,105.11199951171875,105.13899993896484,105.13899993896484,0,105.77783950805664,-1,-0.21600341796875
2020-10-16,105.3550033569336,105.43699645996094,105.19000244140625,105.36000061035156,105.36000061035156,0,105.77371963500977,-1,-0.08300018310546875
2020-10-19,105.43800354003906,105.49700164794922,105.30500030517578,105.427001953125,105.427001953125,0,105.76543975830079,-1,-0.0319976806640625
2020-10-20,105.47000122070312,105.74500274658203,105.47000122070312,105.47000122070312,105.47000122070312,0,105.75487976074218,-1,-0.00499725341796875
2020-10-21,105.4749984741211,105.4749984741211,104.3499984741211,105.47699737548828,105.47699737548828,0,105.7352197265625,-1,0.8239974975585938
2020-10-22,104.6510009765625,104.87999725341797,104.45999908447266,104.6760025024414,104.6760025024414,0,105.69199981689454,-1,-0.2559967041015625
2020-10-23,104.90699768066406,104.90699768066406,104.55000305175781,104.9209976196289,104.9209976196289,0,105.65083984375,-1,0.1999969482421875
2020-10-26,104.70700073242188,105.03900146484375,104.64900207519531,104.68299865722656,104.68299865722656,0,105.61359985351562,-1,-0.0989990234375
2020-10-27,104.80599975585938,104.83000183105469,104.39299774169922,104.83200073242188,104.83200073242188,0,105.58999984741212,-1,0.2649993896484375
2020-10-28,104.54100036621094,104.54199981689453,104.11499786376953,104.54499816894531,104.54499816894531,0,105.57637985229492,-1,0.2220001220703125
2020-10-29,104.31900024414062,104.7020034790039,104.02999877929688,104.31500244140625,104.31500244140625,0,105.54095993041992,-1,-0.2389984130859375
2020-10-30,104.55799865722656,104.72100067138672,104.13899993896484,104.55400085449219,104.55400085449219,0,105.51873992919921,-1,-0.0540008544921875
2020-11-02,104.61199951171875,104.94300079345703,104.61199951171875,104.58000183105469,104.58000183105469,0,105.492919921875,-1,-0.11199951171875
2020-11-03,104.7239990234375,104.8010025024414,104.43699645996094,104.7249984741211,104.7249984741211,0,105.46755996704101,-1,0.2180023193359375
2020-11-04,104.50599670410156,105.34100341796875,104.16100311279297,104.5459976196289,104.5459976196289,0,105.4292399597168,-1,0.06999969482421875
2020-11-05,104.43599700927734,104.44999694824219,103.5739974975586,104.43800354003906,104.43800354003906,0,105.40053985595704,-1,0.839996337890625
2020-11-06,103.59600067138672,103.75800323486328,103.18399810791016,103.60299682617188,103.60299682617188,0,105.33927993774414,-1,0.3560028076171875
2020-11-09,103.23999786376953,105.63600158691406,103.23999786376953,103.25299835205078,103.25299835205078,0,105.29359985351563,-1,-1.9220046997070312
2020-11-10,105.16200256347656,105.47799682617188,104.8219985961914,105.13700103759766,105.13700103759766,0,105.27703994750976,-1,-0.1009979248046875
2020-11-11,105.26300048828125,105.66000366210938,105.01200103759766,105.26000213623047,105.26000213623047,0,105.26501998901367,-1,-0.16100311279296875
2020-11-12,105.42400360107422,105.47100067138672,105.10299682617188,105.41500091552734,105.41500091552734,0,105.24948013305664,0,0.3390045166015625
2020-11-13,105.08499908447266,105.1449966430664,104.61100006103516,105.08999633789062,105.08999633789062,0,105.22936004638672,-1,-0.0
2020-11-16,104.66600036621094,105.09500122070312,104.36499786376953,104.6760025024414,104.6760025024414,0,105.19684005737305,-1,0.17099761962890625
2020-11-17,104.49500274658203,104.56400299072266,104.0739974975586,104.54100036621094,104.54100036621094,0,105.16086013793945,-1,0.34200286865234375
2020-11-18,104.15299987792969,104.15299987792969,103.66400146484375,104.18099975585938,104.18099975585938,0,105.1247201538086,-1,0.24900054931640625
2020-11-19,103.90399932861328,104.2040023803711,103.71900177001953,103.89399719238281,103.89399719238281,0,105.07804016113282,-1,0.11100006103515625
2020-11-20,103.79299926757812,103.90499877929688,103.70600128173828,103.82499694824219,103.82499694824219,0,105.03100021362305,-1,-0.03099822998046875
2020-11-23,103.8239974975586,104.6240005493164,103.68699645996094,103.81700134277344,103.81700134277344,0,104.98494018554688,-1,-0.733001708984375
2020-11-24,104.55699920654297,104.74500274658203,104.14900207519531,104.5250015258789,104.5250015258789,0,104.96120010375977,-1,0.05100250244140625
2020-11-25,104.50599670410156,104.58499908447266,104.26799774169922,104.51300048828125,104.51300048828125,0,104.94370010375977,-1,0.1269989013671875
2020-11-26,104.37899780273438,104.39199829101562,104.22599792480469,104.4000015258789,104.4000015258789,0,104.93029998779296,-1,0.11499786376953125
2020-11-27,104.26399993896484,104.26699829101562,103.90699768066406,104.24199676513672,104.24199676513672,0,104.92179992675781,-1,0.16300201416015625
2020-11-30,104.10099792480469,104.38400268554688,103.83000183105469,104.08200073242188,104.08200073242188,0,104.91313995361328,-1,-0.20000457763671875
2020-12-01,104.3010025024414,104.572998046875,104.18599700927734,104.29900360107422,104.29900360107422,0,104.90477996826172,-1,0.01200103759765625
2020-12-02,104.28900146484375,104.74700164794922,104.2249984741211,104.30899810791016,104.30899810791016,0,104.88917999267578,-1,-0.16699981689453125
2020-12-03,104.45600128173828,104.53299713134766,103.67500305175781,104.45800018310547,104.45800018310547,0,104.8718000793457,-1,0.6320037841796875
2020-12-04,103.8239974975586,104.24199676513672,103.73799896240234,103.822998046875,103.822998046875,0,104.83956008911133,-1,-0.3769989013671875
2020-12-07,104.20099639892578,104.30999755859375,103.92400360107422,104.197998046875,104.197998046875,0,104.81190002441406,-1,0.1929931640625
2020-12-08,104.00800323486328,104.19200134277344,103.95999908447266,103.99800109863281,103.99800109863281,0,104.78328002929688,-1,-0.125
2020-12-09,104.13300323486328,104.3010025024414,104.0530014038086,104.13500213623047,104.13500213623047,0,104.75266006469727,-1,-0.15399932861328125
2020-12-10,104.28700256347656,104.5739974975586,104.23200225830078,104.27200317382812,104.27200317382812,0,104.72942016601563,-1,0.1190032958984375
2020-12-11,104.16799926757812,104.16799926757812,103.82599639892578,104.18199920654297,104.18199920654297,0,104.70150009155273,-1,0.20600128173828125
2020-12-14,103.96199798583984,104.08300018310547,103.51399993896484,103.93900299072266,103.93900299072266,0,104.67003997802735,-1,-0.0500030517578125
2020-12-15,104.01200103759766,104.14700317382812,103.68099975585938,104.01000213623047,104.01000213623047,0,104.63578002929688,-1,0.36100006103515625
2020-12-16,103.6510009765625,103.70999908447266,103.26200103759766,103.63400268554688,103.63400268554688,0,104.5960400390625,-1,0.18700408935546875
2020-12-17,103.46399688720703,103.54900360107422,102.89399719238281,103.4749984741211,103.4749984741211,0,104.54585998535157,-1,0.31499481201171875
2020-12-18,103.14900207519531,103.58999633789062,103.12899780273438,103.13099670410156,103.13099670410156,0,104.48841995239258,-1,-0.32399749755859375
2020-12-21,103.4729995727539,103.88500213623047,103.25700378417969,103.45700073242188,103.45700073242188,0,104.44511993408203,-1,0.1360015869140625
2020-12-22,103.33699798583984,103.72200012207031,103.27899932861328,103.33999633789062,103.33999633789062,0,104.40489990234374,-1,-0.19000244140625
2020-12-23,103.5270004272461,103.63500213623047,103.36299896240234,103.53399658203125,103.53399658203125,0,104.36595993041992,-1,0.0019989013671875
2020-12-24,103.5250015258789,103.75599670410156,103.5,103.552001953125,103.552001953125,0,104.3336799621582,-1,-0.09600067138671875
2020-12-25,103.62100219726562,103.65499877929688,103.21399688720703,103.65299987792969,103.65299987792969,0,104.29899993896484,-1,0.095001220703125
2020-12-28,103.5260009765625,103.89399719238281,103.4000015258789,103.53299713134766,103.53299713134766,0,104.26075988769531,-1,-0.16500091552734375
2020-12-29,103.69100189208984,103.79100036621094,103.46600341796875,103.68900299072266,103.68900299072266,0,104.22517990112304,-1,0.13899993896484375
2020-12-30,103.552001953125,103.56999969482422,102.96299743652344,103.55899810791016,103.55899810791016,0,104.18671997070312,-1,0.417999267578125
2020-12-31,103.13400268554688,103.27899932861328,103.00299835205078,103.12100219726562,103.12100219726562,0,104.1563800048828,-1,
