,Close,Open,High,Low,Volume
2023-09-15 13:29:11.677206,19327.687161169597,19328.581830482097,19408.75813916724,19121.06207893803,60567.023210981104
2023-09-18 13:29:11.677206,19501.488171889756,19440.281867326,19570.401372864664,19426.65705933021,146033.86632794203
2023-09-19 13:29:11.677206,19479.672821780066,19367.52864217835,19723.765721595675,19245.606047101304,148131.6934162932
2023-09-20 13:29:11.677206,19131.64554097517,19133.60273152328,19233.790347875274,19047.061961105708,104950.2556608871
2023-09-21 13:29:11.677206,19406.66047695328,19382.26282942062,19571.310190949855,19256.334605058397,52697.27370775621
2023-09-22 13:29:11.677206,19050.192750110837,19081.273241667142,19190.81602212758,18871.16868660648,62255.39492253274
2023-09-25 13:29:11.677206,19196.4618198257,19055.074377442383,19382.290887414514,18906.96703808967,146695.3383427806
2023-09-26 13:29:11.677206,19309.09189528548,19158.529419933468,19373.382658668983,19154.445354999592,63753.592282826576
2023-09-27 13:29:11.677206,19348.827211025,19417.39026878186,19488.33801579976,19044.370482674545,51950.89292307844
2023-09-28 13:29:11.677206,19491.940645583723,19447.24284789075,19643.850756320247,19287.376767872076,107806.74289108295
2023-09-29 13:29:11.677206,19218.040367054615,19092.774121329498,19490.699650602008,18908.014831142296,87585.62154531166
2023-10-02 13:29:11.677206,18967.864916607727,18858.030427872603,19220.66210223147,18749.22056667537,112608.75759992554
2023-10-03 13:29:11.677206,18628.927873291726,18821.978918093984,18990.219538262223,18395.882280512044,139655.51113575956
2023-10-04 13:29:11.677206,18275.033244962877,18212.640910069505,18433.628270260608,18202.305110910147,114605.54624304664
2023-10-05 13:29:11.677206,18420.506411905695,18588.27698102834,18718.892752731193,18347.613421926668,107438.46567194762
2023-10-06 13:29:11.677206,19157.87161455599,18977.018150464097,19346.42167035615,18829.99851972328,158199.04133530785
2023-10-09 13:29:11.677206,18952.958549586183,18850.85327256543,19147.29516637549,18713.08960660103,132372.77226508723
2023-10-10 13:29:11.677206,18730.91384375354,18651.969056358506,18802.628212684973,18518.327083762677,103397.6358195453
2023-10-11 13:29:11.677206,18128.336054031442,18188.344256796354,18359.98365483865,18063.357953496557,79077.75039978692
2023-10-12 13:29:11.677206,17856.708812622743,17971.575298944503,18111.90371500592,17767.118710241,78653.75021693668
2023-10-13 13:29:11.677206,18199.66881228578,18249.540799096885,18448.50081953132,18093.437150997444,114072.52058251681
2023-10-16 13:29:11.677206,18374.47120305804,18362.26923369197,18666.870955126575,18213.422424793218,142845.33789904398
2023-10-17 13:29:11.677206,18674.858403629434,18614.79849397282,18881.42218227965,18562.231924451953,70674.11690237421
2023-10-18 13:29:11.677206,18510.537034918692,18389.189507103772,18675.834580072304,18370.762726067318,146068.53657457102
2023-10-19 13:29:11.677206,18319.635592730814,18474.06334365148,18563.797582672625,17991.300071146485,68113.3250124602
2023-10-20 13:29:11.677206,18278.271904931025,18309.933407523982,18377.74561356896,18158.03065733576,111945.08833370428
2023-10-23 13:29:11.677206,17833.39890024355,17920.54356730068,18002.581263775734,17769.195523318875,105057.56403418658
2023-10-24 13:29:11.677206,18017.729406184255,18043.32645964236,18062.73948839632,17935.1009085371,64214.49038703164
2023-10-25 13:29:11.677206,17980.060094065368,17989.876819504847,18067.32870773075,17709.009553424057,91990.52114869731
2023-10-26 13:29:11.677206,18192.860903290562,18308.233363793424,18385.357371066868,18124.48090521169,130507.77000548756
2023-10-27 13:29:11.677206,18411.965648437454,18558.020720735232,18769.425744998516,18188.375800586848,67641.37109403558
2023-10-30 13:29:11.677206,18762.246036205423,18854.20620289015,18902.874988418265,18625.019901712043,92772.64799767047
2023-10-31 13:29:11.677206,18930.194799680314,18827.7985104388,19024.46906854381,18809.22691678599,99963.71461555896
2023-11-01 13:29:11.677206,18511.757644342248,18566.448263812832,18725.43788926806,18232.54418640051,70227.23626605367
2023-11-02 13:29:11.677206,18023.652813135763,17949.418622527908,18188.545793839694,17946.011599674544,117068.99462140258
2023-11-03 13:29:11.677206,18001.704200086977,17937.386242404118,18106.581160153662,17801.1553371268,66606.68442734826
2023-11-06 13:29:11.677206,17897.80676668116,17975.55866761607,18078.207086459603,17694.263967106337,156393.194677563
2023-11-07 13:29:11.677206,17499.668394136712,17508.840807198983,17588.794742902563,17299.84831885133,91293.01532687066
2023-11-08 13:29:11.677206,17331.379474852285,17221.84270055039,17454.80698278116,17044.606140283475,94606.8516973494
2023-11-09 13:29:11.677206,17208.208703278226,17178.61146498261,17403.85632675699,17141.755738609907,146007.79734025148
2023-11-10 13:29:11.677206,17422.607015509493,17337.291219972078,17563.612971137027,17208.57212632945,91620.05080128994
2023-11-13 13:29:11.677206,17535.906145837875,17505.321352716906,17578.390174141252,17472.949848343767,140334.65266219978
2023-11-14 13:29:11.677206,17652.031371966612,17707.225285100656,17763.016599984992,17489.352066585834,84610.36174656602
2023-11-15 13:29:11.677206,18273.183616696122,18246.654156574965,18486.537872215675,18167.195225484982,70347.70979553905
2023-11-16 13:29:11.677206,18151.806623741075,18118.531346956923,18230.51131390933,18073.211457949223,85489.9612831445
2023-11-17 13:29:11.677206,18659.42472806996,18675.77445056305,18787.852624154977,18571.653527905946,105480.20851536529
2023-11-20 13:29:11.677206,18246.861316910108,18086.64498805143,18404.512207768967,17836.56439503132,68426.1897470814
2023-11-21 13:29:11.677206,18742.87339306864,18794.151598388817,18995.878953019946,18567.096261018272,125217.56955503442
2023-11-22 13:29:11.677206,18267.97674866927,18348.694792228034,18458.08537710629,18042.523595801922,118058.74982191143
2023-11-23 13:29:11.677206,18049.06479873884,18183.34753851657,18261.43611735416,17823.084958589396,70911.3902096297
2023-11-24 13:29:11.677206,17846.598061522407,17820.515632340837,21673.798947637664,17616.71661455252,51212.681550512505
2023-11-27 13:29:11.677206,18038.75191068282,17900.64881527954,21947.32397238282,17782.535337895886,68791.05114459613
2023-11-28 13:29:11.677206,18792.27658289216,18767.776204072365,22651.197492076564,18610.24510383416,99877.39048366292
2023-11-29 13:29:11.677206,19332.882439578218,19184.146775232406,23476.47140083617,19131.94830940914,98100.07506533634
2023-11-30 13:29:11.677206,19944.230254309423,19953.75192757312,20111.690405790585,16466.77564867649,78231.71526344135
2023-12-01 13:29:11.677206,20314.216220599694,20348.327130479553,20625.37541932492,16805.20142000603,95864.13304311577
2023-12-04 13:29:11.677206,20794.824493049273,20856.120370883353,20931.72858079765,17260.03481674656,117693.87212363619
2023-12-05 13:29:11.677206,20452.29687253989,20345.449695303763,24701.68939242273,20268.24760767741,71264.15122604136
2023-12-06 13:29:11.677206,20349.226732437855,20255.91463973939,24620.67403561193,20155.12445787911,79831.18476938625
2023-12-07 13:29:11.677206,20280.05435156627,20190.613128899644,24520.20778086578,20060.86866566196,78992.66025976086
2023-12-08 13:29:11.677206,19832.298957792875,19813.50122030994,23989.645091818595,19641.629265366377,101961.35077449522
2023-12-11 13:29:11.677206,19667.830379370505,19624.797434643966,23839.99525470981,19476.966783364,92307.42996462401
2023-12-12 13:29:11.677206,19092.741738346664,19184.03843820616,19365.0173416318,15761.918811352605,81524.39203861529
2023-12-13 13:29:11.677206,18847.237906179656,18872.083966460104,18986.537473063203,15635.5639099001,56232.6622194136
2023-12-14 13:29:11.677206,18593.595232124528,18625.427279626372,18691.820082732025,15415.869175605592,118428.35545633137
2023-12-15 13:29:11.677206,18516.76376159569,18597.47759365203,18656.714704557515,15201.497025393926,94130.73830556158
2023-12-18 13:29:11.677206,18258.840452038705,18384.02278506576,18433.69637956838,15104.868496381294,58484.41761339332
2023-12-19 13:29:11.677206,18183.41567782342,18265.19956149561,18345.57411590954,14942.256672934504,127346.14455518204
2023-12-20 13:29:11.677206,18336.98145881104,18261.773407801036,22271.05628816463,18102.51941649273,153956.66238663875
2023-12-21 13:29:11.677206,18766.280365322553,18719.394253594783,22743.910335312634,18563.18411771119,135816.56075027
2023-12-22 13:29:11.677206,18720.06572596982,18877.994086052382,19003.569167645648,15353.528093644498,98707.40827347212
2023-12-25 13:29:11.677206,18783.345927424547,18836.71955648599,18960.466993610844,15544.002341730938,141421.51533572044
2023-12-26 13:29:11.677206,18733.31329377383,18680.445580521,22768.381718019155,18669.362089214956,59605.984670306694
2023-12-27 13:29:11.677206,18846.54526425817,18784.57236700452,22808.136482850667,18761.028670996424,68009.14135060497
2023-12-28 13:29:11.677206,18737.33745979253,18776.345828656264,18782.998126086564,15375.424379037902,67851.76557886013
2023-12-29 13:29:11.677206,18959.99238748499,18993.530521698533,19065.850638106436,15601.60347405725,151120.69499023288
2024-01-01 13:29:11.677206,19080.684402938674,19122.42507434058,19177.15460600879,15772.243049005037,93215.51754270167
2024-01-02 13:29:11.677206,18693.420121676423,18721.51407046433,18777.089987756633,15420.619582661075,133354.48244769042
2024-01-03 13:29:11.677206,19267.94333180289,19259.734431023593,23264.44103937892,19111.491042582926,75168.89040399874
2024-01-04 13:29:11.677206,19288.439891360213,19216.637043418606,23261.12817564747,19163.52545734709,107973.13604372604
2024-01-05 13:29:11.677206,19644.445332696137,19658.758370496384,19874.783717669947,16129.001534427298,84300.7766703276
2024-01-08 13:29:11.677206,20230.266110696983,20256.913612032873,20257.46884831649,16701.538667898523,140444.90281683276
2024-01-09 13:29:11.677206,19802.13350031645,19859.35430859931,19980.595983852334,16452.983149831067,110356.3287838893
2024-01-10 13:29:11.677206,20183.73080841485,20033.291589397857,24638.51640408386,19884.977494898238,76831.39382726428
2024-01-11 13:29:11.677206,20048.222054550377,19985.340104855164,24251.21309710378,19775.435033266716,105662.34871830326
2024-01-12 13:29:11.677206,20346.680427675346,20350.928874270427,20384.69663986513,16737.962304027136,54547.65978975226
2024-01-15 13:29:11.677206,20532.067863078963,20459.94523355132,24835.79090592938,20395.91921678785,120842.7754661948
2024-01-16 13:29:11.677206,20558.674859226314,20664.73604817267,20908.895342194828,16955.322749657793,120936.99960095072
2024-01-17 13:29:11.677206,20232.00349713702,20278.185396035045,20415.203705228698,16630.22116170759,129753.68125630016
2024-01-18 13:29:11.677206,19684.626010556425,19555.169023655835,23880.161766386165,19511.452850718837,105949.8829015394
2024-01-19 13:29:11.677206,19485.876531264716,19574.034737829435,19853.087561374516,16117.28181119567,146341.21134876998
2024-01-22 13:29:11.677206,19598.423035034437,19536.007113939093,23685.487846725264,19309.44852172062,85125.34846029138
2024-01-23 13:29:11.677206,19718.38854000831,19823.06081457963,19913.724763624454,16301.485012850442,72439.51361562982
2024-01-24 13:29:11.677206,19944.367291562736,20021.08610233905,20203.16941198938,16565.7187871379,140824.35223602987
2024-01-25 13:29:11.677206,20329.78671002994,20511.253402871112,20738.19365464205,16710.50573150624,158216.31979298574
2024-01-26 13:29:11.677206,20746.180127981777,20847.68135069367,20969.07865524553,17060.61357283123,72598.21499620566
2024-01-29 13:29:11.677206,20545.218739979256,20467.703941700092,24982.958133834105,20368.04095492032,87537.6192223084
2024-01-30 13:29:11.677206,19814.707282761206,19839.720577936114,19979.25989075555,16296.564315593567,105581.19972185038
2024-01-31 13:29:11.677206,19472.37744068135,19399.819118768028,23671.222666405316,19360.334543344194,95517.32504085048
2024-02-01 13:29:11.677206,19962.595104880234,19915.135224308153,24229.443139013503,19872.46426934044,67456.49549543284
2024-02-02 13:29:11.677206,20318.33029498268,20290.278673648787,20421.136272704887,20166.933699226676,122671.54781753423
2024-02-05 13:29:11.677206,19949.22742326354,20065.281939386055,20083.005424609488,19856.622166039735,88708.92179208773
2024-02-06 13:29:11.677206,19689.66046995338,19691.738459901862,19853.907896297984,19632.66978361098,60426.70536833368
2024-02-07 13:29:11.677206,19492.84893359067,19619.23231670183,19696.969329448653,19362.387732958035,145813.28589103965
2024-02-08 13:29:11.677206,19217.930636297842,19197.129331573884,19378.04809233552,19084.05972662216,84356.28730807768
2024-02-09 13:29:11.677206,19540.87677045491,19555.773454943428,19704.920712328058,19380.63266297799,112510.21507742086
2024-02-12 13:29:11.677206,20297.314950711603,20274.9372790631,20586.216633445994,20093.59431735282,145251.9313417584
2024-02-13 13:29:11.677206,20298.673255223697,20157.453816704863,20494.879070329964,20118.269577635507,63902.575391731574
2024-02-14 13:29:11.677206,20845.507948472597,20828.534764813532,21172.86581466475,20608.836721933254,68618.20226526803
2024-02-15 13:29:11.677206,20512.079152295762,20385.011696551766,20859.431020676246,20206.213258160442,133282.92233581428
2024-02-16 13:29:11.677206,20915.8736732865,20896.02951869397,21229.649067777038,20720.378990567704,51304.17905713863
2024-02-19 13:29:11.677206,21025.20832611643,21086.247681403234,21224.342299357035,20845.03873729507,136945.5714587371
2024-02-20 13:29:11.677206,21120.96175250519,20996.652190530225,21179.723530932933,20837.275897680018,55926.656945328235
2024-02-21 13:29:11.677206,21233.478989086216,21197.166676064073,21513.982843304824,21097.702210783456,142315.8852062391
2024-02-22 13:29:11.677206,21768.57982240011,21665.304475159093,21929.583130198884,21464.449505752276,64614.626207396424
2024-02-23 13:29:11.677206,21969.8019362212,22087.949742339686,22337.50248687498,21812.8317675493,80027.01444223463
2024-02-26 13:29:11.677206,22206.8214736087,22361.616356711915,22576.54940142669,21995.72872566974,76736.43004690656
2024-02-27 13:29:11.677206,21539.41135258982,21512.85272100707,21853.892124043105,21282.008250872354,58495.47880623326
2024-02-28 13:29:11.677206,21816.265098020027,21776.198117481097,21895.252716777937,21746.512329521713,74726.65274979766
2024-02-29 13:29:11.677206,21532.42763800043,21586.087564815363,21715.65212261188,21296.34946284281,146129.06789099064
2024-03-01 13:29:11.677206,21533.91096387062,21603.746309674658,21859.456505428327,21399.145338184197,96531.21045554
2024-03-04 13:29:11.677206,21006.768679141613,20726.107321794127,21068.105584838577,20667.65868645651,76219.07936401128
2024-03-05 13:29:11.677206,21394.717428842465,21345.253684912015,21718.23105781433,21246.69948275218,64960.93314930262
2024-03-06 13:29:11.677206,21413.367962484772,21492.009746394764,21653.11407354173,21340.68820755267,94596.02333525426
2024-03-07 13:29:11.677206,21778.821173592787,21858.18871651606,21993.053327002475,21623.31461454034,154677.64731884023
2024-03-08 13:29:11.677206,21700.737757660285,21849.16371101027,21885.43261615786,21373.036409543387,103010.53926313666
2024-03-11 13:29:11.677206,22123.5701905265,22231.32499718566,22345.486098610447,21784.60214097524,78028.96137713247
2024-03-12 13:29:11.677206,22240.57159372114,22379.13237112363,22457.697802878836,22014.35687055684,118252.15002216377
2024-03-13 13:29:11.677206,21884.7699445098,21726.161058899695,22128.73996629468,21449.797967116785,71569.4441528317
2024-03-14 13:29:11.677206,21766.174025622655,21933.06500579962,22056.820831662964,21641.651489252483,119577.61970357994
2024-03-15 13:29:11.677206,21984.517746604633,21936.421103887147,22127.175989116342,21847.476842728796,87297.97349219621
2024-03-18 13:29:11.677206,22511.715306671136,22695.653150827402,22803.23825653134,22257.641751526935,144936.92087804628
2024-03-19 13:29:11.677206,22509.243945351463,22514.760657100236,22556.291248906226,22376.574720954053,80728.37060690222
2024-03-20 13:29:11.677206,22821.789422170346,22995.20822116168,23186.099549369246,22758.218541667135,157619.36772788022
2024-03-21 13:29:11.677206,22720.73447737627,22624.50209576241,23000.1710812259,22623.92708714985,83569.72427607566
2024-03-22 13:29:11.677206,22760.818845411413,22767.385578094018,22800.08297855601,22545.077902579662,98975.73378729497
2024-03-25 13:29:11.677206,22516.48604596955,22503.52162441522,22663.604444606623,22445.79345228961,67812.21029049308
2024-03-26 13:29:11.677206,22553.278777212035,22715.05988460208,22861.92607409847,22308.247324723325,144121.2756618156
2024-03-27 13:29:11.677206,22776.79800540995,22970.835217447908,23117.62385497263,22501.005420235488,91366.54858494313
2024-03-28 13:29:11.677206,23317.50222082931,23300.958952844172,23649.298896619155,23011.512485682993,126326.94862597155
2024-03-29 13:29:11.677206,23494.52051586185,23731.823517225603,23891.823266016694,23423.71388789143,127032.68877218146
2024-04-01 13:29:11.677206,23448.05967250308,23510.739457196294,23528.39349218486,23312.777132633946,74808.67151581745
2024-04-02 13:29:11.677206,23459.23845130498,23450.475553586883,23563.524832240895,23239.46418054161,61237.895032010885
2024-04-03 13:29:11.677206,24094.011433485433,23979.020924226556,24484.36724153016,23667.04853618603,77923.55593809254
2024-04-04 13:29:11.677206,23917.597944721154,24022.397863316237,24247.842858931683,23660.39446307678,58878.58975656984
2024-04-05 13:29:11.677206,23746.70239057656,23795.486168171097,23923.0169988722,23597.86492127212,74982.38451674275
2024-04-08 13:29:11.677206,23650.999476365847,23518.45761430833,23848.38587457964,23434.142418719784,111273.95275985883
2024-04-09 13:29:11.677206,23764.456508444404,23682.30152937388,23852.556527838544,23497.655336225245,143917.0369011728
2024-04-10 13:29:11.677206,24571.66754210294,24537.212132293538,24700.09181961853,24514.696372443676,144605.68038915563
2024-04-11 13:29:11.677206,25185.27429118388,25203.195826958097,25452.192922423124,24830.463966881554,140235.85053433565
2024-04-12 13:29:11.677206,24733.05715489499,24759.624651207334,24859.795598890963,18893.179623990156,68291.77338280427
2024-04-15 13:29:11.677206,24381.96070792212,24296.9010059779,22065.95061414885,24087.833787289834,150565.6115080785
2024-04-16 13:29:11.677206,24312.720506122667,24373.660736240963,24517.578942518638,18457.349660197917,62655.05795483998
2024-04-17 13:29:11.677206,24537.758344538175,24463.144655452856,22324.45784780703,24242.7322763482,67475.21808416971
2024-04-18 13:29:11.677206,24691.19422002262,24606.800580698757,22289.144217090612,24380.28893808522,98513.88516419077
2024-04-19 13:29:11.677206,25410.34213619842,25258.42662746675,23127.937411397106,25206.677388881675,89884.59758916547
2024-04-22 13:29:11.677206,25571.440309640075,25641.13458155748,25842.713935715652,19560.587134187073,129086.88396884833
2024-04-23 13:29:11.677206,24993.36537702383,25201.720094534416,25388.521545696345,19004.43284658719,126137.15511297889
2024-04-24 13:29:11.677206,24682.10478361676,24636.459202635768,22331.076881758076,24406.155610781734,137734.93521298104
2024-04-25 13:29:11.677206,24104.132818410424,23756.34557815772,21821.11302364063,23610.14304951341,86267.66991668128
2024-04-26 13:29:11.677206,23944.538829556866,23948.092933935008,24043.667821454837,18129.532927615342,55434.15935455647
2024-04-29 13:29:11.677206,23772.974734198277,23856.406437581536,24020.2270341035,18213.120951808334,57519.20453987821
2024-04-30 13:29:11.677206,24387.70975294811,24281.12503452219,22301.23780457859,24001.326660813942,139152.91622657867
2024-05-01 13:29:11.677206,23881.27704420586,23872.45440871141,21739.710905856533,23641.52907272574,131613.439491075
2024-05-02 13:29:11.677206,23259.86604321906,23333.03666772102,23418.516431275322,17719.309350313517,119422.19419367923
2024-05-03 13:29:11.677206,23270.471975466455,23427.74489955597,23487.87502841078,17706.87663836654,97583.65248357762
2024-05-06 13:29:11.677206,22316.27882602442,22292.17769772563,20204.99685878434,22203.22278709867,59192.436117230805
2024-05-07 13:29:11.677206,22689.209377515628,22824.63055711386,22874.711318017686,17224.45400451851,154707.69264803742
2024-05-08 13:29:11.677206,22086.858539616198,21747.94165527544,20044.35278284271,21542.339407573378,125327.81655378631
2024-05-09 13:29:11.677206,21897.817099721044,21897.21796480448,20070.757283647887,21813.40231544676,69967.1381126954
2024-05-10 13:29:11.677206,22031.980707243813,22149.40761849546,22472.608684847994,16740.94298491529,96540.0639866579
2024-05-13 13:29:11.677206,22501.166613347956,22437.422364144393,20403.94661008957,22373.927646300082,146019.6768281378
2024-05-14 13:29:11.677206,22419.193772783005,22310.685015702787,20271.143591310345,22217.362298515513,143069.8974307579
2024-05-15 13:29:11.677206,22181.204436736512,22183.238936812468,22274.65790971434,16936.269433039226,56770.022772540215
2024-05-16 13:29:11.677206,21489.371036642027,21374.17286251219,19466.211944518152,21205.16338454883,74868.26321274559
2024-05-17 13:29:11.677206,21482.817981617904,21682.57462274765,21721.46294409541,16375.838834951757,55039.41419071642
2024-05-20 13:29:11.677206,21418.95664427772,21398.370370098204,19435.185548133377,21230.02160541798,83593.79148406888
2024-05-21 13:29:11.677206,20718.766287142178,20680.489759046384,18721.568528421572,20633.512344532195,140726.671775824
2024-05-22 13:29:11.677206,20787.365589372417,20845.82157141073,20999.331601391616,15926.02217781489,99874.75041769163
2024-05-23 13:29:11.677206,20717.064486434992,20679.291636608905,18852.68412921861,20624.233798271616,90216.43749097876
2024-05-24 13:29:11.677206,21171.85410317825,21255.18159480091,21359.548682901514,20989.72162663315,137700.34070030847
2024-05-27 13:29:11.677206,21030.388260304913,21018.909051330218,21115.734845221767,20882.56730395485,121073.27765497603
2024-05-28 13:29:11.677206,20763.135049452754,20764.916590774043,20862.183629362524,20624.379056552472,137700.04961894325
2024-05-29 13:29:11.677206,20047.064222660552,20059.817337659122,20095.34921007433,19910.668548149726,107870.89218550839
2024-05-30 13:29:11.677206,19970.84704060443,19846.10468470647,20064.041156767653,19680.571520963265,157049.97884375078
2024-05-31 13:29:11.677206,20263.8734139101,20442.232625165463,20566.818304152857,20021.52000972257,69972.63425286744
2024-06-03 13:29:11.677206,19846.113613316742,19810.91071790216,19958.826596056446,19786.178293927038,110212.87580697815
2024-06-04 13:29:11.677206,19864.41166703313,19630.32157892588,20010.28161326532,19427.603615106746,85203.18427240627
2024-06-05 13:29:11.677206,20178.01400105051,20192.42174807939,20290.999037138576,20005.671542622924,132426.86635287036
2024-06-06 13:29:11.677206,20713.64898104536,20629.114720749603,21052.876842517715,20422.90266186914,155048.55857199387
2024-06-07 13:29:11.677206,20197.589283191595,20235.20450836861,20422.73188490272,20116.225123756743,75019.59245343313
2024-06-10 13:29:11.677206,20451.6191606457,20315.986251093396,20712.122936427346,20134.73382637451,92100.09691586379
2024-06-11 13:29:11.677206,20081.117541526997,20282.10907921381,20407.069420121818,19878.911635616154,114164.02092320814
2024-06-12 13:29:11.677206,20515.835787600714,20515.91579419186,20548.021456792452,20303.528551734624,142693.5644725351
2024-06-13 13:29:11.677206,19956.98796663969,19782.34127945758,20150.95923214845,19772.255583274058,86698.59547563292
2024-06-14 13:29:11.677206,19658.99483815372,19623.330377738555,19839.37851937065,19518.98295575941,150860.06949294274
2024-06-17 13:29:11.677206,19328.43239619565,19351.478172584164,19473.458142744796,19210.779116353726,123228.9778188615
2024-06-18 13:29:11.677206,19276.560693348572,19249.660727715363,19467.69360927395,19114.822239143235,76372.08600216119
2024-06-19 13:29:11.677206,19205.7450520341,19136.64464803906,19354.63870041738,18967.138259310068,149854.3664074486
2024-06-20 13:29:11.677206,19144.02397645143,19184.7719428429,19343.104882720614,18930.149241213963,63619.92490560639
2024-06-21 13:29:11.677206,19814.83151657254,19768.996158609236,19953.538599804193,19754.80457368875,129604.20313081516
2024-06-24 13:29:11.677206,19674.75109607934,19716.78621028085,19885.03688533258,19528.1680648968,125165.21718348394
2024-06-25 13:29:11.677206,19547.591614363944,19731.57515409305,19897.240364804893,19371.552119214743,139138.2508547284
2024-06-26 13:29:11.677206,19089.007139688074,19228.892973284925,19284.168234604393,18884.021864743252,120665.74416239029
2024-06-27 13:29:11.677206,18749.970392081657,18653.72311006709,18970.43936233735,18647.313678358758,77865.85064086145
2024-06-28 13:29:11.677206,18594.684133902003,18777.1829722923,18979.043877690474,18433.67390593838,145041.98657303076
2024-07-01 13:29:11.677206,18334.70772766218,18237.57973506721,18421.032346606728,18145.36711565981,88006.5919821984
2024-07-02 13:29:11.677206,17947.52798151095,17829.972456251948,18102.720830363363,17574.03133651734,93135.31686451467
2024-07-03 13:29:11.677206,17972.984706630014,17938.06862618439,18164.718064313467,17859.312914038408,126250.9342693331
2024-07-04 13:29:11.677206,17661.30673132776,17683.201863803493,17713.66235143244,17425.17610798809,71208.9841381917
2024-07-05 13:29:11.677206,17714.246658517615,17532.520662499664,17853.126375245993,17515.431332089265,89880.72635747016
2024-07-08 13:29:11.677206,17774.522069271377,17800.823190178748,17822.78225467693,17619.909049581187,76339.12591903572
2024-07-09 13:29:11.677206,18013.90299108917,18145.31167458422,18222.10827787859,17943.29610071353,57311.54303809688
2024-07-10 13:29:11.677206,18162.667999855792,18126.4047911209,18420.507733308477,17985.468552367638,81625.82256035227
2024-07-11 13:29:11.677206,18025.073178407667,18091.47066376195,18227.86225083758,17743.867134558823,71984.42552058754
2024-07-12 13:29:11.677206,18184.5941626405,18216.40272694339,18419.58553116352,18047.451787593414,69954.61271348315
2024-07-15 13:29:11.677206,18192.66078987543,18106.21761939552,18404.31328479095,18093.395090201328,99491.96596129608
2024-07-16 13:29:11.677206,18464.77490042199,18549.555934725824,18570.021569889668,18366.83965467777,96240.91565403441
2024-07-17 13:29:11.677206,18530.32467227381,18426.589895897454,18713.539686242864,18223.78594137263,135760.09680814628
2024-07-18 13:29:11.677206,18892.814561346728,18875.95738586438,18944.49205075327,18731.17570537653,136268.10402766048
2024-07-19 13:29:11.677206,18618.67242574445,18703.993219757736,18916.78649430144,18426.852676792398,122942.00381578399
2024-07-22 13:29:11.677206,18769.32150345122,18840.633445304193,19023.68076943215,18502.367258025533,93889.6607632784
2024-07-23 13:29:11.677206,18799.853841054235,18756.252808046986,18935.419874153464,18633.26701245413,53337.98719152354
2024-07-24 13:29:11.677206,18878.44046765113,18637.941858193924,19120.968045939317,18391.735913737037,78200.50615895665
2024-07-25 13:29:11.677206,18658.793633450583,18624.62506656401,18707.862334355403,18530.160246273314,122524.35581020033
2024-07-26 13:29:11.677206,18820.153747865435,18815.142345711654,19022.29437463345,18711.7995982713,112001.44372638265
2024-07-29 13:29:11.677206,19006.745599471244,19211.031570664487,19477.13285496745,18799.035463327476,135125.9440925244
2024-07-30 13:29:11.677206,19480.912659991784,19367.3032911712,19559.110473031225,19176.947900213898,136933.6880637562
2024-07-31 13:29:11.677206,19942.81036537005,19965.690102348974,20215.017971110505,19693.76930361363,137991.1710766437
2024-08-01 13:29:11.677206,20377.89111194251,20118.253472332766,20503.061669874976,20021.527717899153,57287.15736447731
2024-08-02 13:29:11.677206,20703.418267774156,20762.35572553226,20806.851427937447,20595.463388429067,107521.13487861172
2024-08-05 13:29:11.677206,20931.56639901067,20916.105277088805,21159.967084477943,20709.427728454626,128748.025491659
2024-08-06 13:29:11.677206,21425.156907960973,21601.638995813275,21618.404274970515,21062.261943491205,142108.87493511447
2024-08-07 13:29:11.677206,21219.43928735423,21078.92725166317,21384.824798613772,20920.435651329277,86975.71144215546
2024-08-08 13:29:11.677206,21395.36877406776,21387.6134117597,21638.860953866737,21187.03440920298,94748.20150247756
2024-08-09 13:29:11.677206,21293.756294806073,21132.13590443165,21577.66604599477,20920.464029055212,94925.61342269766
2024-08-12 13:29:11.677206,21389.488352862983,21580.960841568372,21775.204972796222,20997.031194964344,80479.3593467386
2024-08-13 13:29:11.677206,21087.472204724887,21115.6748326621,21299.802807750417,20812.025094372508,121230.9587575037
2024-08-14 13:29:11.677206,21346.962714855927,21380.348914848208,21476.68532152333,21214.636742741357,73291.61411818849
2024-08-15 13:29:11.677206,20813.92221375167,20873.940144053842,21026.56240832421,20610.12512081186,125908.88525043445
2024-08-16 13:29:11.677206,21304.318660673838,21418.451271958103,21516.57339749194,21159.641361149585,84140.4088745393
2024-08-19 13:29:11.677206,21937.60038631961,21735.169443785457,22330.68642201113,21729.812831611107,129197.65737095787
2024-08-20 13:29:11.677206,21907.972564028452,21999.442725904624,22050.07700329735,21769.16125979382,127984.4416699008
2024-08-21 13:29:11.677206,21934.279193840048,21966.95344960918,22051.826239506423,21668.246759438887,86353.47804284043
2024-08-22 13:29:11.677206,22216.774893133344,22310.584320976377,22316.95077271443,22063.45927070785,114838.55900824162
2024-08-23 13:29:11.677206,22477.615156127096,22383.055570597367,22580.545808494346,22231.59769895635,61749.84335585208
2024-08-26 13:29:11.677206,22599.940663384554,22767.48573382859,22838.8848341263,22525.449962743292,107542.41437829725
2024-08-27 13:29:11.677206,22650.013995078865,22709.828736924745,22913.715801495557,22366.493914944873,148716.2925347121
2024-08-28 13:29:11.677206,23008.521749971987,22818.116037719286,23238.372044053103,22620.895403934257,71558.15758161824
2024-08-29 13:29:11.677206,22851.10174136803,22739.909337249384,23067.43952425875,22691.587491946848,115894.7061014673
2024-08-30 13:29:11.677206,22862.0272523389,23004.643970796267,23082.885081328535,16184.340133419886,93288.780481247
2024-09-02 13:29:11.677206,22545.534138475425,22499.590824045183,31674.0333153499,22381.51113564394,145362.03107933394
2024-09-03 13:29:11.677206,22329.06254497492,22587.885876789078,22648.048536152608,15700.28967655705,96109.14113318776
2024-09-04 13:29:11.677206,22001.11318231817,22101.809428220735,22126.057031399894,15590.54655471091,60721.514087416916
2024-09-05 13:29:11.677206,21661.109733465175,21651.257381266256,30460.17374139444,21496.039785444333,85409.71912534311
2024-09-06 13:29:11.677206,22247.355530304674,22218.39381632249,31601.045107854647,22055.154490321485,128865.01285462508
2024-09-09 13:29:11.677206,22703.14774568766,22692.567285143698,32235.69921769204,22623.36947512191,143649.35076637985
2024-09-10 13:29:11.677206,22484.181415034083,22462.99634621308,31724.34671338475,22254.086869136423,55907.85854581992
2024-09-11 13:29:11.677206,22471.84174300296,22429.306262582257,31751.682326835475,22409.276813438173,112122.8752351602
2024-09-12 13:29:11.677206,22417.473331983198,22377.077949305567,31926.125953352348,22111.382073354172,90991.60956586844
2024-09-13 13:29:11.677206,22196.453977777106,22104.513191057693,31434.109819056775,21962.67402451009,67778.8280039012
2024-09-16 13:29:11.677206,22155.791996451942,22269.732212674942,22313.389446755427,15598.358436108942,81870.40159297436
2024-09-17 13:29:11.677206,22410.40557573498,22553.020596432194,22702.437369753025,15904.723185676836,80745.00434957349
2024-09-18 13:29:11.677206,22528.683401846138,22477.768551543406,31685.0092741261,22375.322079800902,77094.83746387005
2024-09-19 13:29:11.677206,22932.00139855934,23128.7463569258,23322.54857191648,16200.953269746893,91025.44683796838
2024-09-20 13:29:11.677206,22983.62804323941,23013.15933690708,23316.36877170437,16148.893544506673,134252.1007624175
2024-09-23 13:29:11.677206,22776.285656268854,22671.97214920543,32058.944380874993,22641.63232229188,54603.266474696866
2024-09-24 13:29:11.677206,23018.991500740227,22986.118715650904,32472.868805353886,22701.90520838614,128785.25201333311
2024-09-25 13:29:11.677206,23160.330560234106,23339.25350512005,23590.571230775928,16236.172498280108,124909.7621750513
2024-09-26 13:29:11.677206,23825.25821634097,23866.68903010678,24029.737138547025,16904.55731959419,110330.79891056604
2024-09-27 13:29:11.677206,24771.18500582821,24715.14258333566,34826.1845017024,24617.782949927732,84874.72726194565
2024-09-30 13:29:11.677206,25338.931811959603,25250.327052732315,35680.494635704374,25205.412714033042,140850.8426308755
2024-10-01 13:29:11.677206,25169.656821664063,25213.560237679445,25236.9028248099,17913.562970118353,103932.81922827299
2024-10-02 13:29:11.677206,25595.40594092066,25336.282316359033,36386.64250790235,25012.323038680865,139079.79410536555
2024-10-03 13:29:11.677206,25953.660630308612,26047.751573980466,26212.213364132916,18394.445292594875,110795.18137947861
2024-10-04 13:29:11.677206,25588.29234490397,25443.953559485402,35965.48001520174,25221.532055114505,140858.2915234605
2024-10-07 13:29:11.677206,25325.76294838236,25368.149201112,25519.850526114504,17854.700004280458,118821.91809873533
2024-10-08 13:29:11.677206,25594.96332629035,25567.45498706977,36128.39788593018,25507.726062118123,76422.62297661968
2024-10-09 13:29:11.677206,25446.467704654882,25359.467576350864,35786.821666791315,25179.92495986003,86847.09506091558
2024-10-10 13:29:11.677206,25845.301357044867,25987.895656207067,26050.95950888252,18249.82696555621,138386.89354640048
2024-10-11 13:29:11.677206,25619.586407134328,25487.048593760206,36052.51304357577,25308.624516214415,53451.17466513974
2024-10-14 13:29:11.677206,26166.916159255914,26047.556380960672,37033.53792483827,25866.763828848972,73815.17447431307
2024-10-15 13:29:11.677206,25942.837181240386,25990.94967224084,26063.133772382404,18310.389289410996,70037.23103315991
2024-10-16 13:29:11.677206,25759.084580467923,25797.370484123676,25866.90101987435,18256.739577354747,80153.88514381611
2024-10-17 13:29:11.677206,25799.695186945733,25864.56285999923,25968.556511315554,18215.00184234818,62465.02659703076
2024-10-18 13:29:11.677206,25832.673698260754,25809.076838394492,36620.791254092044,25601.370110562286,99407.82148145286
2024-10-21 13:29:11.677206,25740.64091961871,25830.46484901732,25912.03700677376,18193.806324443074,78694.50868174924
2024-10-22 13:29:11.677206,25780.614492799086,25740.42089088324,36414.25360783818,25619.055720422384,69569.98932942747
2024-10-23 13:29:11.677206,25589.45644025259,25646.208736632685,25905.79513395628,18110.400430886504,115753.48107099507
2024-10-24 13:29:11.677206,26003.68085557323,25888.27834476599,36506.4532094714,25877.7488868324,106169.51070065846
2024-10-25 13:29:11.677206,26066.49234080962,25990.760106600133,37135.675235591465,25870.89664522001,108807.99887567433
2024-10-28 13:29:11.677206,26301.126540376932,26154.744726732435,36978.1479197727,25955.570392952188,124013.2003814506
2024-10-29 13:29:11.677206,26217.875157521466,26489.16128917437,26842.43519317613,18648.606183536584,125535.5853386033
2024-10-30 13:29:11.677206,26468.602635686508,26382.227408028615,37242.43725026151,26326.03686064784,115607.40489269877
2024-10-31 13:29:11.677206,27005.767159015133,26728.118074104674,38179.030290847106,26518.180552568156,134063.2233640686
2024-11-01 13:29:11.677206,27158.47494728772,26974.751573866055,38274.48924144153,26900.924226247476,62648.55419990786
2024-11-04 13:29:11.677206,27814.54375392468,27847.803152888606,28111.92929882424,19781.799795928153,55169.90208718034
2024-11-05 13:29:11.677206,27791.46260883199,27867.8641800163,28202.42801100524,19625.98102734852,95765.24572967536
2024-11-06 13:29:11.677206,27765.67610066622,27983.67127289333,27996.634144669406,19712.44657127683,109384.89140500616
2024-11-07 13:29:11.677206,27343.781020233648,27447.054824159637,27645.912103425195,19410.375218420802,105720.60696392616
2024-11-08 13:29:11.677206,26574.696935372132,26611.68968986297,26640.23642685918,18764.92189338511,141128.57938344753
2024-11-11 13:29:11.677206,26203.167428028904,26228.835627669323,26444.969010134893,18561.2264363564,130268.71214613931
2024-11-12 13:29:11.677206,26042.639115619335,26097.05790148089,26161.813004348423,18519.692817317777,87644.9453694608
2024-11-13 13:29:11.677206,26217.359119259734,26336.37435895143,26669.183201253876,18468.4136018284,124132.36274675344
2024-11-14 13:29:11.677206,26678.219617206672,26516.993357711508,37734.1996555829,26275.015105735227,151323.8840372695
2024-11-15 13:29:11.677206,27283.547807425886,27409.888741063463,27432.686004448795,19429.845961480623,135115.85383769686
2024-11-18 13:29:11.677206,27056.539129685934,27208.565379615917,27372.25201583096,19232.86012571012,135983.19486816772
2024-11-19 13:29:11.677206,26756.264190813778,26814.596794644858,26925.00261785323,19051.102782047827,117647.15648500175
2024-11-20 13:29:11.677206,26840.107774695327,26685.696082540155,37836.313797438896,26487.510942965124,128838.90496162628
2024-11-21 13:29:11.677206,26911.126728989253,26916.053638289028,27135.933554417006,18986.34797423532,82630.00317286173
2024-11-22 13:29:11.677206,26924.992582590086,26731.950841549777,37996.595745732026,26664.474185387862,100297.89616991107
2024-11-25 13:29:11.677206,26920.496953506186,26943.45041978216,27211.744758969628,18929.20573540683,78511.76242821148
2024-11-26 13:29:11.677206,27219.909180105173,27118.734286706345,38273.21910005041,26932.769769880808,54173.43448350298
2024-11-27 13:29:11.677206,27079.711176780682,27313.74162833723,27549.9892232361,19088.19040757459,65719.88813482526
2024-11-28 13:29:11.677206,27131.047077998548,27212.234745820577,27371.1595248409,19216.233481046518,70694.00163999684
2024-11-29 13:29:11.677206,27264.246157906207,27248.19071780857,38387.74106037174,27149.026606138726,98334.68573853624
2024-12-02 13:29:11.677206,26785.055791084684,26656.167095917146,38018.24744914265,26479.533267073355,137325.68193206706
2024-12-03 13:29:11.677206,26776.151063141973,26783.940531835007,26947.678656854638,19026.092837299366,147422.6241748982
2024-12-04 13:29:11.677206,27153.34893324852,27041.047824609122,38176.73182259544,26875.382189654207,96523.48285523627
2024-12-05 13:29:11.677206,26557.2155454414,26525.983613476274,37728.109671777995,26179.279129921044,111905.74172463296
2024-12-06 13:29:11.677206,26143.560431687096,26199.355692136935,26249.976697650716,25782.606120249748,129689.99131523546
2024-12-09 13:29:11.677206,26264.458416617206,26507.592486662652,26587.457635777573,26067.820899774088,63096.00497843919
2024-12-10 13:29:11.677206,26113.093791781168,25931.448027453036,26362.59204436533,25811.66350146684,70388.89088168525
2024-12-11 13:29:11.677206,26381.788170825555,26508.58974347415,26510.327640684645,26208.842108562276,155208.85401865552
2024-12-12 13:29:11.677206,26565.45217430068,26419.783786067866,26810.11657269172,26196.519004962316,102886.37621367395
2024-12-13 13:29:11.677206,26640.583421357267,26584.53164119557,26855.007324210066,26464.79541973676,118492.71271952344
2024-12-16 13:29:11.677206,25842.70044294662,25988.29774923249,26144.526615260093,25601.65395803052,142631.22770723785
2024-12-17 13:29:11.677206,25372.939157936795,25215.401613731497,25595.14701383865,25200.89693652564,56214.2362092922
2024-12-18 13:29:11.677206,25751.53057151987,25759.963743862547,25960.42830704606,25597.25626189551,84631.24775583368
2024-12-19 13:29:11.677206,25407.266700998105,25309.26015187203,25600.459197149572,25171.407621068523,60845.90924355303
2024-12-20 13:29:11.677206,24542.22973881688,24683.28709262219,24691.6923767154,24188.724569049537,84900.46691198608
2024-12-23 13:29:11.677206,24638.397288444095,24447.918639436124,24802.004801987438,24397.9998416984,85952.07512052733
2024-12-24 13:29:11.677206,24853.986648599825,24911.507314087914,24996.49967029326,24588.63870265553,102487.25486298835
2024-12-25 13:29:11.677206,24928.21964492646,24888.316421220738,25026.463666674674,24726.304081922935,54196.874722083296
2024-12-26 13:29:11.677206,24854.60904491563,24991.324800478727,25216.826822160307,24757.034843108646,149242.23182817383
2024-12-27 13:29:11.677206,24143.86335138778,24193.839998872474,24279.44549554833,23855.392323953736,151855.59235768105
2024-12-30 13:29:11.677206,23482.646300360833,23602.642759722617,23669.09702932016,23333.53144949963,122314.41157747095
2024-12-31 13:29:11.677206,23699.75193309505,23835.882494185007,24016.734360427556,23572.00121708441,72638.70232606282
2025-01-01 13:29:11.677206,24248.331769554043,24339.370488023942,24664.516920152215,24059.539772158274,101568.32634899188
2025-01-02 13:29:11.677206,24635.63088734112,24690.75492840503,24892.01612681467,24486.70849170853,115855.61857698226
2025-01-03 13:29:11.677206,24826.14265883646,24662.246643240327,25078.83595220979,24529.163620578296,109571.67592660953
2025-01-06 13:29:11.677206,24715.79272396829,24603.820390030272,24995.917967355028,24550.2245304552,110435.3183027691
2025-01-07 13:29:11.677206,24541.19399571184,24540.780977529674,24693.8124299652,24532.31209052963,118158.88230688026
2025-01-08 13:29:11.677206,24961.10452074566,24878.670005543183,25304.29109510394,24824.777818246745,95926.71889272361
2025-01-09 13:29:11.677206,25046.583048615157,25073.243982564207,25110.285180407827,24920.77206777112,69557.61042254018
2025-01-10 13:29:11.677206,24263.902201206,24246.385899864716,24441.705999681595,23933.752706387855,88397.57520079364
2025-01-13 13:29:11.677206,24299.671599782283,24203.698848009462,24505.20192810287,23881.643739920863,133777.87251483425
2025-01-14 13:29:11.677206,23595.22324497446,23699.353331358943,23975.910915659777,23465.955930579006,101655.63282904784
2025-01-15 13:29:11.677206,24298.66116229616,24345.99644428936,24511.401340115477,24190.34820368114,101934.80807429759
2025-01-16 13:29:11.677206,24109.114643421093,23990.03106345603,24430.10757172884,23927.432980470567,81028.92629426628
2025-01-17 13:29:11.677206,24357.95568310065,24430.16130515697,24684.56455026881,24120.94794118173,72325.25171935139
2025-01-20 13:29:11.677206,24469.420840057854,24480.60992189199,24542.597741438054,24327.95051298469,77033.64677987089
2025-01-21 13:29:11.677206,24349.53261792873,24082.52656832864,24657.34694098947,24071.21044781602,115616.11757839614
2025-01-22 13:29:11.677206,24729.43945456422,24550.818587749,24970.770623148663,24483.833934304537,89555.87053328424
2025-01-23 13:29:11.677206,24336.20013157254,24303.635225226368,24470.61454413068,24128.432050593092,137306.0672955132
2025-01-24 13:29:11.677206,24768.995089715052,24772.561673901793,25037.01744572412,24517.210833649202,121864.22473621894
2025-01-27 13:29:11.677206,24903.79551217531,24652.6405643347,25128.24344914778,24442.971595924322,140700.74807987112
2025-01-28 13:29:11.677206,25157.691090650158,25272.107790689322,25609.140968977797,24793.16035444727,151813.07766997415
2025-01-29 13:29:11.677206,24512.930664583666,24334.430970924954,24651.570139383257,24199.426803437986,108806.33375640652
2025-01-30 13:29:11.677206,24723.370949801396,24596.410025728426,25115.64230430735,24396.170786672654,89318.71101034054
2025-01-31 13:29:11.677206,24753.21254049173,24617.509872262766,25013.80848481703,24322.85220848247,73673.00487937861
2025-02-03 13:29:11.677206,24814.131346937065,24883.732777506753,25039.10689349372,24518.464125912917,55792.22521280529
2025-02-04 13:29:11.677206,24344.628447841475,24407.21329308746,24547.61554612925,24152.24678750887,98044.33781287534
2025-02-05 13:29:11.677206,23673.55175244482,23465.675302681455,24068.067239012318,23150.829891910424,113837.09631402897
2025-02-06 13:29:11.677206,23217.734426533894,23081.406689926276,23338.47423323238,22902.600678882412,90389.02867316395
2025-02-07 13:29:11.677206,22763.277056596216,22861.990158102526,23050.905514384864,22543.581012304,121081.47256017831
2025-02-10 13:29:11.677206,23238.462845640253,23142.27172245576,23599.081652587567,22853.281653634695,139254.0394243139
2025-02-11 13:29:11.677206,23094.369341478065,23058.387748410343,23458.981062213035,22808.27348007743,95600.63077556035
2025-02-12 13:29:11.677206,23202.413225672884,23250.693427493985,23375.05587134172,22906.96398651569,52285.799455093125
2025-02-13 13:29:11.677206,22782.112266171578,22764.017766839606,22946.54973717831,22703.68989349601,148350.98054472005
2025-02-14 13:29:11.677206,23117.111423288443,23103.853265351692,23346.495766577307,22786.156719198207,83711.36479593026
2025-02-17 13:29:11.677206,22947.898662239113,22994.374755145138,23075.247416771985,22762.201903494173,88818.1140556637
2025-02-18 13:29:11.677206,22864.718055627003,22786.07013252875,23062.668351053806,22778.21560492068,124593.12667846498
2025-02-19 13:29:11.677206,23076.830162622744,22921.918512567347,23334.4190341736,22713.33282215944,127729.96399753085
2025-02-20 13:29:11.677206,23091.552732940654,23076.076755220412,23248.923639233893,22848.279540272324,86265.30178999329
2025-02-21 13:29:11.677206,23260.1397967341,23120.24781192352,23509.144651763494,22881.896324775353,55313.988104655175
2025-02-24 13:29:11.677206,23715.954593953633,23695.931596216313,23941.015257527335,23634.55302091262,115784.36451623858
2025-02-25 13:29:11.677206,23778.363449516295,23702.81710831438,24029.534855177764,23644.90010652353,131244.37200623992
2025-02-26 13:29:11.677206,23698.236474438665,23742.505263098403,23759.774624837195,23467.67987907483,145534.7659934037
2025-02-27 13:29:11.677206,23635.62774460149,23754.17779208714,23988.99022314729,23338.364073723606,75739.44846261291
2025-02-28 13:29:11.677206,23997.630109832462,23820.13635017222,24209.885065132177,23756.4930108182,140812.663557335
2025-03-03 13:29:11.677206,24052.92361634726,23878.32486430696,24145.425771532773,23859.40043359079,69040.4351062637
2025-03-04 13:29:11.677206,23807.219756126764,23725.81130192395,24039.366268991405,23530.426596961257,70739.96260586818
2025-03-05 13:29:11.677206,23299.798843161163,23337.784444749064,23491.820554064194,23012.80006167126,57849.99788879772
2025-03-06 13:29:11.677206,22870.527922359335,22715.07918770884,23018.084859765822,22613.733219374113,103704.06361932043
2025-03-07 13:29:11.677206,23142.344038641964,23093.042549107504,23352.5308915282,22955.821952545637,148729.37718549455
2025-03-10 13:29:11.677206,22900.11201695666,22847.142996609968,23151.64739082576,22698.018693605096,104016.55856423717
2025-03-11 13:29:11.677206,23046.124472087355,23109.378420649078,23284.340381104517,22948.885557411762,75820.42737273067
2025-03-12 13:29:11.677206,23030.92674731258,22992.493165006956,23311.231939512203,22745.083977790342,65352.692687407296
2025-03-13 13:29:11.677206,23103.55639022512,23354.782614747895,23533.712201248247,22723.897135361945,120217.26526749614
2025-03-14 13:29:11.677206,22999.791495998285,23043.15888390724,23107.06246318448,22655.67102877857,125321.27121970011
2025-03-17 13:29:11.677206,23307.223777949614,23255.30250987113,23508.58344831579,23112.86652009918,95342.65502810382
2025-03-18 13:29:11.677206,23388.435211729036,23434.90683009671,23486.09055050081,23204.253857505122,148404.26850185508
2025-03-19 13:29:11.677206,23060.57809199096,22962.162013173875,23184.82306078802,22850.114980084305,113996.94040714341
2025-03-20 13:29:11.677206,23297.633004549672,23255.97499803708,23603.19752135883,23003.83148169403,73338.3108634453
2025-03-21 13:29:11.677206,23618.410470979117,23596.620401865253,23720.309864446263,23422.33368011954,99702.43420530893
2025-03-24 13:29:11.677206,23418.08342628336,23394.206627092182,23584.540370215556,23222.699014609145,147433.03785285234
2025-03-25 13:29:11.677206,23702.26314845973,23695.75787170861,24002.832208401785,23464.814998795504,91293.87758038935
2025-03-26 13:29:11.677206,24251.091419732144,24116.83025561955,24329.80638136353,24010.811398880476,53067.869913064846
2025-03-27 13:29:11.677206,24503.68734606635,24476.991792314788,24687.940112267872,24162.43613759122,86054.4165035304
