Price,Close,High,Low,Open,Volume
Ticker,MYM=F,MYM=F,MYM=F,MYM=F,MYM=F
Date,,,,,
2020-05-18,24507.0,24639.0,23534.0,23589.0,122311
2020-05-19,24158.0,24765.0,24120.0,24478.0,156522
2020-05-20,24519.0,24582.0,24076.0,24126.0,104190
2020-05-21,24376.0,24660.0,24300.0,24547.0,117402
2020-05-22,24424.0,24508.0,24100.0,24378.0,103574
2020-05-26,25002.0,25128.0,24370.0,24412.0,140100
2020-05-27,25534.0,25575.0,24913.0,25002.0,141942
2020-05-28,25457.0,25794.0,25311.0,25546.0,153477
2020-05-29,25378.0,25499.0,24992.0,25448.0,163104
2020-06-01,25463.0,25519.0,25092.0,25320.0,96644
2020-06-02,25701.0,25719.0,25292.0,25455.0,105715
2020-06-03,26228.0,26340.0,25680.0,25702.0,105421
2020-06-04,26253.0,26369.0,26056.0,26245.0,124494
2020-06-05,27072.0,27325.0,26213.0,26281.0,166875
2020-06-08,27527.0,27562.0,27031.0,27139.0,120033
2020-06-09,27264.0,27624.0,27126.0,27561.0,118584
2020-06-10,26961.0,27487.0,26902.0,27260.0,134808
2020-06-11,25165.0,26998.0,25058.0,26955.0,253737
2020-06-12,25536.0,25950.0,25065.0,25210.0,123640
2020-06-15,25805.0,25882.0,24554.0,25288.0,57463
2020-06-16,26320.0,26783.0,25788.0,25838.0,46607
2020-06-17,26150.0,26619.0,26050.0,26236.0,17739
2020-06-18,26024.0,26277.0,25746.0,26125.0,12031
2020-06-19,26484.0,26484.0,25993.0,26055.0,148039
2020-06-22,25953.0,25992.0,25229.0,25374.0,111573
2020-06-23,26020.0,26293.0,25514.0,25942.0,134007
2020-06-24,25393.0,26124.0,25160.0,25982.0,168600
2020-06-25,25596.0,25659.0,25002.0,25376.0,166389
2020-06-26,24950.0,25651.0,24834.0,25543.0,167473
2020-06-29,25497.0,25546.0,24742.0,24779.0,143349
2020-06-30,25689.0,25772.0,25301.0,25480.0,121666
2020-07-01,25575.0,25894.0,25382.0,25651.0,158090
2020-07-02,25759.0,26088.0,25516.0,25544.0,129913
2020-07-06,26179.0,26200.0,25677.0,25685.0,178232
2020-07-07,25770.0,26280.0,25741.0,26165.0,120179
2020-07-08,25969.0,25998.0,25659.0,25764.0,136593
2020-07-09,25571.0,26030.0,25397.0,25994.0,170719
2020-07-10,25977.0,26010.0,25294.0,25585.0,192780
2020-07-13,25968.0,26524.0,25914.0,26022.0,218351
2020-07-14,26491.0,26576.0,25876.0,25985.0,273136
2020-07-15,26765.0,27064.0,26571.0,26620.0,172276
2020-07-16,26553.0,26856.0,26466.0,26805.0,135583
2020-07-17,26520.0,26724.0,26500.0,26555.0,103040
2020-07-20,26633.0,26655.0,26328.0,26540.0,99226
2020-07-21,26726.0,26916.0,26590.0,26622.0,94944
2020-07-22,26884.0,26927.0,26525.0,26732.0,88079
2020-07-23,26543.0,27057.0,26448.0,26880.0,116027
2020-07-24,26322.0,26614.0,26290.0,26539.0,92388
2020-07-27,26484.0,26523.0,26231.0,26275.0,78352
2020-07-28,26297.0,26598.0,26255.0,26510.0,90136
2020-07-29,26440.0,26499.0,26187.0,26294.0,68111
2020-07-30,26218.0,26472.0,25879.0,26464.0,149284
2020-07-31,26319.0,26469.0,25903.0,26406.0,125506
2020-08-03,26558.0,26601.0,26197.0,26400.0,58865
2020-08-04,26717.0,26743.0,26439.0,26558.0,92817
2020-08-05,27055.0,27113.0,26666.0,26749.0,78043
2020-08-06,27285.0,27303.0,26927.0,27061.0,91894
2020-08-07,27333.0,27370.0,27106.0,27289.0,85907
2020-08-10,27679.0,27713.0,27260.0,27362.0,72784
2020-08-11,27614.0,28067.0,27533.0,27689.0,105018
2020-08-12,27866.0,27963.0,27611.0,27700.0,77120
2020-08-13,27823.0,27934.0,27708.0,27859.0,56667
2020-08-14,27792.0,27911.0,27601.0,27830.0,64153
2020-08-17,27775.0,27926.0,27736.0,27839.0,46628
2020-08-18,27717.0,27904.0,27595.0,27780.0,59183
2020-08-19,27632.0,27854.0,27566.0,27737.0,60766
2020-08-20,27669.0,27717.0,27393.0,27639.0,68422
2020-08-21,27859.0,27904.0,27471.0,27680.0,59528
2020-08-24,28239.0,28267.0,27877.0,27894.0,53164
2020-08-25,28193.0,28479.0,28042.0,28243.0,69539
2020-08-26,28312.0,28339.0,28096.0,28217.0,51430
2020-08-27,28468.0,28589.0,28182.0,28316.0,79807
2020-08-28,28611.0,28720.0,28442.0,28514.0,51746
2020-08-31,28416.0,28786.0,28334.0,28680.0,58974
2020-09-01,28622.0,28656.0,28257.0,28387.0,61936
2020-09-02,29090.0,29150.0,28612.0,28642.0,78920
2020-09-03,28351.0,29181.0,28052.0,29074.0,176830
2020-09-04,28074.0,28593.0,27642.0,28304.0,185505
2020-09-08,27525.0,28404.0,27437.0,28120.0,224835
2020-09-09,27972.0,28195.0,27184.0,27448.0,137008
2020-09-10,27545.0,28160.0,27434.0,27957.0,142398
2020-09-11,27612.0,27827.0,27438.0,27592.0,36019
2020-09-14,27993.0,28088.0,27687.0,27694.0,16739
2020-09-15,28027.0,28244.0,27933.0,27950.0,13739
2020-09-16,28054.0,28371.0,27965.0,28031.0,10932
2020-09-17,27938.0,28114.0,27546.0,28090.0,15119
2020-09-18,27807.0,28000.0,27756.0,27870.0,146249
2020-09-21,27055.0,27663.0,26584.0,27567.0,201667
2020-09-22,27143.0,27210.0,26859.0,27005.0,128925
2020-09-23,26685.0,27391.0,26587.0,27198.0,155113
2020-09-24,26715.0,26972.0,26408.0,26693.0,127867
2020-09-25,27043.0,27119.0,26425.0,26769.0,111068
2020-09-28,27482.0,27600.0,27041.0,27041.0,73396
2020-09-29,27408.0,27620.0,27214.0,27504.0,69751
2020-09-30,27664.0,27905.0,27038.0,27356.0,118434
2020-10-01,27689.0,27960.0,27542.0,27600.0,109136
2020-10-02,27565.0,27742.0,27119.0,27681.0,154718
2020-10-05,27995.0,28042.0,27647.0,27713.0,65881
2020-10-06,27700.0,28233.0,27524.0,28007.0,120625
2020-10-07,28179.0,28249.0,27540.0,27561.0,77527
2020-10-08,28310.0,28453.0,28151.0,28172.0,77120
2020-10-09,28518.0,28573.0,28324.0,28374.0,76694
2020-10-12,28798.0,28846.0,28433.0,28529.0,78999
2020-10-13,28585.0,28822.0,28485.0,28810.0,96982
2020-10-14,28414.0,28727.0,28341.0,28584.0,95897
2020-10-15,28386.0,28454.0,28032.0,28407.0,110007
2020-10-16,28408.0,28733.0,28331.0,28408.0,88232
2020-10-19,28100.0,28669.0,28025.0,28484.0,86040
2020-10-20,28182.0,28466.0,28050.0,28184.0,98703
2020-10-21,28134.0,28376.0,28078.0,28181.0,100422
2020-10-22,28268.0,28313.0,27895.0,28134.0,101577
2020-10-23,28189.0,28392.0,28042.0,28312.0,73166
2020-10-26,27581.0,28171.0,27259.0,28171.0,116194
2020-10-27,27365.0,27713.0,27231.0,27599.0,94806
2020-10-28,26409.0,27270.0,26390.0,27247.0,163161
2020-10-29,26557.0,26803.0,26164.0,26471.0,145633
2020-10-30,26394.0,26530.0,25953.0,26312.0,176846
2020-11-02,26796.0,26942.0,26173.0,26391.0,159647
2020-11-03,27376.0,27535.0,26803.0,26852.0,132879
2020-11-04,27735.0,28193.0,26909.0,27395.0,195511
2020-11-05,28297.0,28390.0,27645.0,27829.0,139862
2020-11-06,28204.0,28458.0,27966.0,28334.0,163107
2020-11-09,29048.0,29999.0,28327.0,28390.0,310097
2020-11-10,29319.0,29389.0,28781.0,29097.0,247092
2020-11-11,29311.0,29574.0,29185.0,29348.0,130353
2020-11-12,28992.0,29369.0,28815.0,29354.0,153244
2020-11-13,29410.0,29484.0,28857.0,29056.0,129001
2020-11-16,29865.0,29999.0,29430.0,29430.0,132759
2020-11-17,29720.0,29901.0,29450.0,29896.0,108247
2020-11-18,29391.0,29895.0,29333.0,29696.0,119818
2020-11-19,29443.0,29475.0,29181.0,29387.0,145364
2020-11-20,29212.0,29440.0,29125.0,29268.0,106989
2020-11-23,29546.0,29621.0,29121.0,29136.0,114150
2020-11-24,29998.0,30067.0,29552.0,29555.0,115172
2020-11-25,29828.0,30166.0,29757.0,30027.0,105622
2020-11-27,29874.0,29978.0,29696.0,29865.0,76663
2020-11-30,29629.0,29968.0,29428.0,29914.0,130449
2020-12-01,29804.0,30060.0,29614.0,29674.0,123485
2020-12-02,29868.0,29907.0,29589.0,29759.0,104469
2020-12-03,29932.0,30092.0,29755.0,29885.0,98345
2020-12-04,30198.0,30218.0,29934.0,29937.0,86203
2020-12-07,30057.0,30265.0,29955.0,30174.0,87148
2020-12-08,30170.0,30237.0,29852.0,29994.0,100522
2020-12-09,30063.0,30330.0,29947.0,30198.0,209256
2020-12-10,30010.0,30149.0,29867.0,30062.0,141423
2020-12-11,30033.0,30088.0,29720.0,30043.0,60686
2020-12-14,29865.0,30327.0,29849.0,30110.0,34482
2020-12-15,30203.0,30242.0,29840.0,29917.0,23278
2020-12-16,30161.0,30325.0,30083.0,30217.0,20981
2020-12-17,30293.0,30336.0,30150.0,30190.0,13738
2020-12-18,30363.0,30363.0,30171.0,30305.0,151781
2020-12-21,30113.0,30331.0,29318.0,30300.0,282354
2020-12-22,29912.0,30150.0,29880.0,30084.0,130190
2020-12-23,30034.0,30183.0,29735.0,29936.0,102321
2020-12-24,30109.0,30150.0,29998.0,30071.0,44355
2020-12-28,30305.0,30418.0,29966.0,30029.0,90032
2020-12-29,30238.0,30502.0,30166.0,30329.0,110677
2020-12-30,30302.0,30415.0,30210.0,30270.0,87150
2020-12-31,30497.0,30526.0,30228.0,30334.0,81092
2021-01-04,30104.0,30693.0,29759.0,30480.0,413178
2021-01-05,30285.0,30395.0,29975.0,30117.0,220976
2021-01-06,30720.0,30911.0,30154.0,30285.0,320478
2021-01-07,30942.0,31087.0,30697.0,30756.0,146231
2021-01-08,30993.0,31148.0,30688.0,30945.0,162718
2021-01-11,30902.0,31032.0,30636.0,30988.0,138539
2021-01-12,30974.0,31013.0,30778.0,30930.0,122393
2021-01-13,30959.0,31063.0,30869.0,30962.0,107689
2021-01-14,30909.0,31116.0,30882.0,30977.0,95607
2021-01-15,30720.0,30958.0,30506.0,30913.0,160853
2021-01-19,30828.0,30982.0,30608.0,30630.0,134432
2021-01-20,31096.0,31134.0,30771.0,30838.0,108602
2021-01-21,31082.0,31188.0,31015.0,31067.0,92563
2021-01-22,30909.0,31085.0,30781.0,31061.0,100865
2021-01-25,30868.0,31014.0,30456.0,30915.0,166490
2021-01-26,30842.0,31018.0,30666.0,30854.0,110792
2021-01-27,30189.0,30885.0,30050.0,30847.0,321140
2021-01-28,30507.0,30842.0,29948.0,30181.0,234947
2021-01-29,29879.0,30522.0,29755.0,30440.0,372917
2021-02-01,30110.0,30235.0,29551.0,29816.0,172850
2021-02-02,30586.0,30738.0,30069.0,30120.0,131948
2021-02-03,30627.0,30709.0,30413.0,30609.0,111220
2021-02-04,30950.0,30987.0,30542.0,30695.0,87938
2021-02-05,31042.0,31150.0,30924.0,30968.0,84835
2021-02-08,31268.0,31297.0,31049.0,31124.0,81207
2021-02-09,31278.0,31341.0,31144.0,31295.0,73942
2021-02-10,31328.0,31451.0,31118.0,31316.0,122850
2021-02-11,31359.0,31466.0,31168.0,31379.0,105687
2021-02-12,31397.0,31422.0,31215.0,31339.0,73527
2021-02-16,31458.0,31662.0,31373.0,31426.0,123943
2021-02-17,31549.0,31588.0,31278.0,31472.0,117411
2021-02-18,31431.0,31640.0,31227.0,31553.0,120863
2021-02-19,31433.0,31583.0,31301.0,31436.0,95688
2021-02-22,31466.0,31593.0,31191.0,31452.0,128095
2021-02-23,31492.0,31617.0,31103.0,31498.0,187453
2021-02-24,31916.0,31968.0,31322.0,31496.0,160114
2021-02-25,31371.0,32034.0,31247.0,31935.0,208899
2021-02-26,30912.0,31457.0,30803.0,31331.0,280752
2021-03-01,31509.0,31638.0,30934.0,30975.0,141551
2021-03-02,31358.0,31588.0,31281.0,31555.0,155222
2021-03-03,31236.0,31610.0,31217.0,31375.0,183642
2021-03-04,30878.0,31435.0,30514.0,31245.0,300774
2021-03-05,31465.0,31545.0,30640.0,30899.0,281227
2021-03-08,31776.0,32113.0,31287.0,31561.0,220085
2021-03-09,31811.0,32119.0,31791.0,31891.0,128842
2021-03-10,32279.0,32373.0,31726.0,31858.0,148819
2021-03-11,32479.0,32642.0,32254.0,32359.0,112529
2021-03-12,32772.0,32821.0,32389.0,32485.0,65069
2021-03-15,32957.0,32967.0,32624.0,32830.0,40146
2021-03-16,32835.0,32973.0,32775.0,32954.0,22239
2021-03-17,33017.0,33050.0,32780.0,32854.0,26478
2021-03-18,32880.0,33233.0,32840.0,33028.0,29256
2021-03-19,32808.0,33007.0,32808.0,32887.0,164966
2021-03-22,32619.0,32689.0,32314.0,32495.0,103941
2021-03-23,32306.0,32686.0,32234.0,32648.0,117927
2021-03-24,32319.0,32668.0,32231.0,32348.0,141852
2021-03-25,32501.0,32568.0,31951.0,32355.0,191742
2021-03-26,32954.0,32983.0,32496.0,32553.0,143718
2021-03-29,33032.0,33133.0,32746.0,32957.0,170445
2021-03-30,32925.0,33128.0,32859.0,33061.0,143211
2021-03-31,32898.0,33046.0,32866.0,32933.0,111931
2021-04-01,33037.0,33060.0,32842.0,32908.0,105387
2021-04-05,33415.0,33504.0,33157.0,33218.0,80329
2021-04-06,33315.0,33453.0,33266.0,33422.0,109349
2021-04-07,33328.0,33407.0,33233.0,33329.0,96954
2021-04-08,33390.0,33465.0,33227.0,33340.0,83179
2021-04-09,33682.0,33694.0,33372.0,33444.0,92174
2021-04-12,33631.0,33687.0,33551.0,33659.0,69299
2021-04-13,33570.0,33711.0,33431.0,33640.0,104387
2021-04-14,33624.0,33800.0,33518.0,33571.0,103402
2021-04-15,33923.0,33962.0,33638.0,33663.0,92354
2021-04-16,34081.0,34144.0,33880.0,33934.0,88346
2021-04-19,33958.0,34048.0,33860.0,34016.0,108331
2021-04-20,33703.0,34068.0,33572.0,33984.0,117133
2021-04-21,34016.0,34041.0,33623.0,33689.0,96594
2021-04-22,33709.0,34039.0,33605.0,33998.0,109637
2021-04-23,33941.0,34056.0,33608.0,33723.0,86677
2021-04-26,33877.0,34045.0,33832.0,33924.0,60883
2021-04-27,33883.0,33974.0,33764.0,33888.0,66083
2021-04-28,33724.0,33868.0,33691.0,33817.0,72417
2021-04-29,33951.0,33978.0,33629.0,33719.0,94151
2021-04-30,33767.0,33945.0,33678.0,33905.0,88217
2021-05-03,34008.0,34116.0,33810.0,33829.0,77573
2021-05-04,34020.0,34047.0,33655.0,33995.0,135617
2021-05-05,34118.0,34220.0,33926.0,34002.0,105421
2021-05-06,34442.0,34460.0,34073.0,34117.0,122057
2021-05-07,34686.0,34741.0,34366.0,34434.0,117405
2021-05-10,34668.0,35001.0,34611.0,34711.0,110501
2021-05-11,34183.0,34731.0,33983.0,34650.0,212572
2021-05-12,33508.0,34226.0,33461.0,34148.0,207153
2021-05-13,33938.0,34093.0,33202.0,33511.0,232639
2021-05-14,34318.0,34390.0,33921.0,33944.0,126049
2021-05-17,34256.0,34372.0,34088.0,34318.0,112830
2021-05-18,33996.0,34422.0,33906.0,34300.0,98006
2021-05-19,33831.0,33998.0,33401.0,33904.0,180735
2021-05-20,34028.0,34184.0,33584.0,33808.0,111160
2021-05-21,34153.0,34369.0,34018.0,34023.0,102244
2021-05-24,34352.0,34428.0,34104.0,34147.0,70462
2021-05-25,34271.0,34483.0,34223.0,34397.0,83145
2021-05-26,34280.0,34418.0,34227.0,34288.0,70952
2021-05-27,34437.0,34576.0,34170.0,34295.0,90685
2021-05-28,34513.0,34638.0,34494.0,34557.0,61063
2021-06-01,34550.0,34827.0,34409.0,34570.0,117054
2021-06-02,34590.0,34695.0,34482.0,34556.0,82429
2021-06-03,34567.0,34656.0,34311.0,34591.0,115519
2021-06-04,34742.0,34755.0,34472.0,34575.0,78425
2021-06-07,34616.0,34825.0,34558.0,34761.0,70853
2021-06-08,34586.0,34652.0,34431.0,34616.0,91739
2021-06-09,34437.0,34645.0,34425.0,34580.0,64489
2021-06-10,34461.0,34732.0,34388.0,34465.0,94258
2021-06-11,34462.0,34613.0,34313.0,34454.0,38277
2021-06-14,34381.0,34558.0,34202.0,34404.0,25861
2021-06-15,34288.0,34475.0,34192.0,34345.0,19052
2021-06-16,34017.0,34318.0,33900.0,34305.0,14931
2021-06-17,33805.0,34080.0,33611.0,33945.0,16207
2021-06-18,33424.0,33867.0,33424.0,33820.0,150918
2021-06-21,33761.0,33809.0,32902.0,33074.0,141294
2021-06-22,33835.0,33926.0,33626.0,33833.0,97287
2021-06-23,33759.0,33962.0,33752.0,33871.0,74530
2021-06-24,34082.0,34177.0,33759.0,33784.0,88983
2021-06-25,34333.0,34385.0,34133.0,34191.0,80857
2021-06-28,34164.0,34410.0,34067.0,34396.0,73913
2021-06-29,34170.0,34362.0,34113.0,34193.0,67118
2021-06-30,34399.0,34451.0,34005.0,34172.0,76495
2021-07-01,34514.0,34554.0,34376.0,34446.0,65694
2021-07-02,34677.0,34714.0,34484.0,34501.0,67169
2021-07-06,34460.0,34755.0,34241.0,34657.0,127231
2021-07-07,34568.0,34595.0,34320.0,34376.0,93986
2021-07-08,34294.0,34594.0,34003.0,34584.0,179666
2021-07-09,34751.0,34784.0,34139.0,34280.0,98833
2021-07-12,34875.0,34906.0,34547.0,34758.0,95481
2021-07-13,34776.0,34915.0,34748.0,34875.0,90304
2021-07-14,34816.0,34946.0,34666.0,34772.0,90943
2021-07-15,34864.0,34879.0,34594.0,34800.0,113247
2021-07-16,34564.0,34975.0,34517.0,34831.0,103297
2021-07-19,33839.0,34575.0,33623.0,34547.0,228400
2021-07-20,34400.0,34502.0,33843.0,33917.0,160805
2021-07-21,34689.0,34738.0,34361.0,34429.0,110064
2021-07-22,34709.0,34789.0,34558.0,34733.0,97522
2021-07-23,34951.0,34992.0,34738.0,34771.0,89147
2021-07-26,35034.0,35067.0,34652.0,34941.0,97566
2021-07-27,34953.0,35048.0,34762.0,35033.0,134587
2021-07-28,34834.0,35019.0,34750.0,34848.0,117759
2021-07-29,34974.0,35059.0,34774.0,34868.0,86747
2021-07-30,34832.0,34998.0,34756.0,34969.0,119138
2021-08-02,34721.0,35081.0,34695.0,34870.0,108914
2021-08-03,34998.0,35008.0,34601.0,34762.0,116344
2021-08-04,34690.0,35000.0,34675.0,34960.0,98745
2021-08-05,34943.0,34949.0,34665.0,34710.0,76159
2021-08-06,35091.0,35139.0,34882.0,34932.0,69666
2021-08-09,34998.0,35112.0,34939.0,35092.0,71604
2021-08-10,35155.0,35175.0,34923.0,35032.0,74393
2021-08-11,35372.0,35394.0,35106.0,35163.0,91787
2021-08-12,35402.0,35440.0,35254.0,35374.0,68752
2021-08-13,35420.0,35519.0,35381.0,35427.0,69205
2021-08-16,35534.0,35548.0,35148.0,35380.0,107691
2021-08-17,35259.0,35517.0,35033.0,35478.0,158891
2021-08-18,34887.0,35285.0,34786.0,35211.0,131194
2021-08-19,34818.0,34934.0,34492.0,34839.0,219964
2021-08-20,35058.0,35119.0,34569.0,34844.0,129951
2021-08-23,35281.0,35375.0,35015.0,35047.0,89996
2021-08-24,35314.0,35403.0,35292.0,35328.0,65392
2021-08-25,35360.0,35445.0,35228.0,35319.0,68871
2021-08-26,35160.0,35442.0,35149.0,35406.0,103379
2021-08-27,35403.0,35426.0,35113.0,35187.0,76357
2021-08-30,35352.0,35465.0,35328.0,35413.0,70085
2021-08-31,35340.0,35483.0,35258.0,35391.0,99338
2021-09-01,35290.0,35494.0,35267.0,35387.0,93290
2021-09-02,35424.0,35460.0,35220.0,35314.0,81153
2021-09-03,35353.0,35505.0,35246.0,35427.0,97540
2021-09-07,35091.0,35476.0,35039.0,35354.0,134722
2021-09-08,35012.0,35162.0,34883.0,35067.0,134895
2021-09-09,34870.0,35193.0,34776.0,35010.0,126241
2021-09-10,34607.0,35112.0,34598.0,34870.0,59816
2021-09-13,34870.0,34935.0,34601.0,34620.0,43891
2021-09-14,34583.0,35022.0,34507.0,34904.0,36914
2021-09-15,34819.0,34885.0,34498.0,34583.0,24959
2021-09-16,34749.0,34943.0,34538.0,34840.0,15531
2021-09-17,34697.0,34838.0,34656.0,34720.0,148019
2021-09-20,33839.0,34415.0,33478.0,34388.0,305328
2021-09-21,33798.0,34236.0,33712.0,33816.0,221273
2021-09-22,34129.0,34319.0,33639.0,33755.0,195009
2021-09-23,34644.0,34748.0,34149.0,34163.0,154315
2021-09-24,34674.0,34734.0,34460.0,34647.0,120670
2021-09-27,34743.0,34934.0,34651.0,34688.0,104804
2021-09-28,34175.0,34853.0,34120.0,34745.0,220503
2021-09-29,34265.0,34451.0,34168.0,34223.0,190574
2021-09-30,33722.0,34554.0,33691.0,34350.0,223744
2021-10-01,34167.0,34356.0,33389.0,33753.0,219211
2021-10-04,33870.0,34293.0,33680.0,34225.0,245665
2021-10-05,34183.0,34364.0,33684.0,33897.0,179345
2021-10-06,34291.0,34325.0,33717.0,34224.0,278616
2021-10-07,34638.0,34853.0,34291.0,34298.0,144508
2021-10-08,34626.0,34752.0,34533.0,34648.0,159061
2021-10-11,34376.0,34829.0,34324.0,34613.0,157341
2021-10-12,34260.0,34486.0,34124.0,34363.0,186864
2021-10-13,34257.0,34347.0,33984.0,34194.0,173389
2021-10-14,34784.0,34854.0,34245.0,34245.0,132416
2021-10-15,35171.0,35199.0,34787.0,34823.0,108814
2021-10-18,35133.0,35229.0,34906.0,35204.0,120942
2021-10-19,35323.0,35364.0,35066.0,35125.0,106200
2021-10-20,35477.0,35540.0,35273.0,35352.0,94045
2021-10-21,35480.0,35537.0,35315.0,35447.0,100247
2021-10-22,35557.0,35646.0,35412.0,35466.0,131083
2021-10-25,35620.0,35669.0,35450.0,35494.0,78275
2021-10-26,35644.0,35778.0,35618.0,35655.0,105441
2021-10-27,35389.0,35714.0,35383.0,35665.0,113006
2021-10-28,35613.0,35682.0,35388.0,35428.0,108920
2021-10-29,35704.0,35750.0,35485.0,35680.0,110435
2021-11-01,35800.0,35892.0,35683.0,35761.0,97830
2021-11-02,35938.0,35971.0,35695.0,35793.0,86288
2021-11-03,36035.0,36070.0,35730.0,35922.0,94611
2021-11-04,36009.0,36077.0,35865.0,36035.0,94341
2021-11-05,36215.0,36376.0,35949.0,35996.0,112382
2021-11-08,36312.0,36446.0,36124.0,36133.0,98439
2021-11-09,36209.0,36324.0,36066.0,36272.0,128862
2021-11-10,35992.0,36255.0,35910.0,36155.0,137406
2021-11-11,35829.0,36063.0,35823.0,35986.0,91211
2021-11-12,36013.0,36063.0,35839.0,35843.0,90838
2021-11-15,36009.0,36177.0,35950.0,36053.0,94872
2021-11-16,36061.0,36238.0,35945.0,36020.0,107994
2021-11-17,35867.0,36106.0,35816.0,36061.0,105219
2021-11-18,35811.0,35960.0,35592.0,35832.0,113801
2021-11-19,35549.0,35987.0,35490.0,35840.0,137930
2021-11-22,35571.0,35880.0,35530.0,35589.0,134224
2021-11-23,35766.0,35792.0,35370.0,35615.0,199155
2021-11-24,35749.0,35788.0,35531.0,35776.0,134581
2021-11-26,34858.0,35899.0,34630.0,35790.0,317120
2021-11-29,35077.0,35245.0,34718.0,34718.0,231742
2021-11-30,34457.0,35234.0,34382.0,35134.0,308985
2021-12-01,34002.0,34984.0,33930.0,34527.0,280467
2021-12-02,34622.0,34738.0,34020.0,34052.0,298948
2021-12-03,34566.0,34795.0,34248.0,34699.0,313385
2021-12-06,35212.0,35345.0,34579.0,34589.0,253338
2021-12-07,35713.0,35808.0,35197.0,35242.0,159990
2021-12-08,35746.0,35925.0,35588.0,35785.0,152224
2021-12-09,35753.0,35859.0,35572.0,35740.0,105331
2021-12-10,35967.0,35995.0,35702.0,35735.0,52644
2021-12-13,35645.0,36122.0,35603.0,35981.0,43058
2021-12-14,35552.0,35785.0,35437.0,35689.0,46761
2021-12-15,35926.0,35968.0,35389.0,35570.0,30767
2021-12-16,35902.0,36205.0,35777.0,35926.0,27224
2021-12-17,35676.0,35975.0,35676.0,35935.0,225453
2021-12-20,34813.0,35326.0,34547.0,35252.0,234279
2021-12-21,35381.0,35412.0,34829.0,34845.0,131131
2021-12-22,35632.0,35663.0,35286.0,35385.0,94521
2021-12-23,35832.0,35946.0,35624.0,35643.0,69273
2021-12-27,36178.0,36204.0,35754.0,35844.0,61583
2021-12-28,36282.0,36407.0,36112.0,36167.0,83612
2021-12-29,36381.0,36461.0,36250.0,36275.0,71169
2021-12-30,36291.0,36571.0,36251.0,36377.0,69672
2021-12-31,36226.0,36371.0,36120.0,36269.0,64051
2022-01-03,36455.0,36473.0,36121.0,36301.0,113594
2022-01-04,36675.0,36803.0,36409.0,36447.0,107917
2022-01-05,36291.0,36832.0,36279.0,36665.0,164133
2022-01-06,36123.0,36418.0,36078.0,36291.0,199191
2022-01-07,36107.0,36265.0,35989.0,36168.0,136629
2022-01-10,35952.0,36171.0,35520.0,36124.0,189140
2022-01-11,36128.0,36154.0,35641.0,35936.0,153327
2022-01-12,36160.0,36331.0,36039.0,36128.0,143679
2022-01-13,35989.0,36389.0,35922.0,36186.0,160861
2022-01-14,35796.0,36116.0,35515.0,36000.0,233482
2022-01-18,35259.0,35915.0,35135.0,35854.0,321130
2022-01-19,34910.0,35430.0,34881.0,35296.0,229414
2022-01-20,34616.0,35380.0,34411.0,34938.0,221203
2022-01-21,34157.0,34783.0,34101.0,34608.0,375408
2022-01-24,34253.0,34409.0,33033.0,34146.0,535230
2022-01-25,34185.0,34472.0,33423.0,34300.0,486251
2022-01-26,34055.0,34699.0,33745.0,33971.0,435640
2022-01-27,34043.0,34657.0,33531.0,34065.0,482928
2022-01-28,34595.0,34622.0,33613.0,34230.0,453202
2022-01-31,34997.0,35026.0,34313.0,34575.0,259584
2022-02-01,35274.0,35318.0,34834.0,34920.0,216762
2022-02-02,35492.0,35588.0,35168.0,35242.0,195968
2022-02-03,34971.0,35574.0,34941.0,35550.0,205520
2022-02-04,34978.0,35212.0,34665.0,35111.0,236693
2022-02-07,34969.0,35205.0,34812.0,34999.0,174560
2022-02-08,35342.0,35426.0,34931.0,35020.0,164067
2022-02-09,35641.0,35751.0,35366.0,35370.0,129647
2022-02-10,35139.0,35754.0,34989.0,35705.0,258484
2022-02-11,34627.0,35329.0,34511.0,35121.0,285435
2022-02-14,34471.0,34755.0,34205.0,34641.0,296155
2022-02-15,34904.0,34968.0,34345.0,34480.0,201555
2022-02-16,34851.0,35059.0,34557.0,34870.0,174413
2022-02-17,34231.0,34909.0,34171.0,34830.0,210260
2022-02-18,34007.0,34500.0,33900.0,34250.0,237091
2022-02-22,33525.0,34349.0,33292.0,33900.0,489972
2022-02-23,33066.0,33825.0,33015.0,33589.0,213638
2022-02-24,33156.0,33205.0,32163.0,33061.0,489877
2022-02-25,33994.0,34034.0,32761.0,33049.0,298745
2022-02-28,33840.0,33914.0,33321.0,33799.0,340732
2022-03-01,33267.0,34063.0,33064.0,33835.0,266944
2022-03-02,33849.0,33977.0,33121.0,33340.0,263816
2022-03-03,33738.0,34143.0,33597.0,33798.0,201200
2022-03-04,33583.0,33859.0,33209.0,33787.0,228870
2022-03-07,32782.0,33543.0,32688.0,33469.0,257738
2022-03-08,32602.0,33371.0,32305.0,32718.0,323477
2022-03-09,33265.0,33442.0,32515.0,32585.0,207545
2022-03-10,33152.0,33290.0,32798.0,33290.0,148503
2022-03-11,32925.0,33691.0,32902.0,33168.0,116548
2022-03-14,32944.0,33396.0,32814.0,32994.0,73954
2022-03-15,33532.0,33618.0,32682.0,32988.0,58494
2022-03-16,34059.0,34161.0,33389.0,33452.0,43542
2022-03-17,34461.0,34491.0,33864.0,34109.0,26530
2022-03-18,34414.0,34422.0,34209.0,34335.0,138049
2022-03-21,34436.0,34693.0,34228.0,34663.0,141217
2022-03-22,34709.0,34775.0,34329.0,34500.0,115108
2022-03-23,34250.0,34792.0,34217.0,34700.0,113171
2022-03-24,34604.0,34656.0,34213.0,34250.0,106278
2022-03-25,34759.0,34839.0,34523.0,34634.0,115975
2022-03-28,34853.0,34885.0,34445.0,34754.0,109165
2022-03-29,35190.0,35280.0,34824.0,34837.0,133961
2022-03-30,35117.0,35257.0,34955.0,35135.0,105045
2022-03-31,34618.0,35213.0,34590.0,35127.0,109831
2022-04-01,34718.0,34806.0,34439.0,34700.0,120437
2022-04-04,34829.0,34848.0,34514.0,34695.0,91375
2022-04-05,34550.0,35015.0,34468.0,34821.0,119363
2022-04-06,34399.0,34609.0,34179.0,34561.0,157731
2022-04-07,34490.0,34614.0,34093.0,34359.0,142138
2022-04-08,34613.0,34818.0,34368.0,34485.0,116163
2022-04-11,34219.0,34667.0,34181.0,34620.0,129311
2022-04-12,34139.0,34583.0,34010.0,34233.0,154585
2022-04-13,34482.0,34512.0,34052.0,34170.0,127889
2022-04-14,34358.0,34795.0,34340.0,34452.0,130158
2022-04-18,34313.0,34529.0,34180.0,34395.0,108918
2022-04-19,34841.0,34896.0,34226.0,34380.0,148828
2022-04-20,35079.0,35234.0,34728.0,34779.0,141384
2022-04-21,34709.0,35414.0,34638.0,35162.0,157335
2022-04-22,33728.0,34720.0,33593.0,34685.0,194470
2022-04-25,33965.0,34020.0,33231.0,33643.0,259376
2022-04-26,33160.0,34038.0,33080.0,33963.0,219729
2022-04-27,33226.0,33611.0,33014.0,33144.0,295481
2022-04-28,33828.0,33969.0,33154.0,33321.0,189496
2022-04-29,32882.0,33904.0,32820.0,33729.0,194805
2022-05-02,32980.0,33144.0,32358.0,32973.0,255445
2022-05-03,33033.0,33254.0,32807.0,33005.0,187453
2022-05-04,33969.0,34028.0,32920.0,33033.0,207106
2022-05-05,32910.0,34019.0,32589.0,33916.0,244473
2022-05-06,32809.0,32970.0,32376.0,32940.0,224079
2022-05-09,32161.0,32688.0,32038.0,32656.0,206902
2022-05-10,32087.0,32664.0,31805.0,32220.0,304968
2022-05-11,31743.0,32506.0,31714.0,32056.0,309727
2022-05-12,31652.0,31893.0,31149.0,31833.0,317080
2022-05-13,32120.0,32201.0,31540.0,31540.0,197845
2022-05-16,32159.0,32453.0,31867.0,32146.0,191654
2022-05-17,32581.0,32693.0,32113.0,32148.0,185171
2022-05-18,31440.0,32653.0,31299.0,32601.0,244661
2022-05-19,31202.0,31523.0,30956.0,31390.0,267358
2022-05-20,31213.0,31546.0,30588.0,31220.0,197616
2022-05-23,31839.0,31925.0,31268.0,31268.0,176095
2022-05-24,31880.0,31973.0,31317.0,31806.0,176485
2022-05-25,32076.0,32214.0,31684.0,31937.0,196024
2022-05-26,32600.0,32734.0,31997.0,32075.0,142925
2022-05-27,33158.0,33240.0,32485.0,32563.0,103128
2022-05-31,32971.0,33434.0,32721.0,33211.0,232937
2022-06-01,32798.0,33254.0,32563.0,33049.0,165164
2022-06-02,33223.0,33263.0,32490.0,32795.0,150570
2022-06-03,32888.0,33315.0,32824.0,33240.0,141918
2022-06-06,32912.0,33229.0,32806.0,32945.0,124932
2022-06-07,33165.0,33196.0,32603.0,32913.0,128163
2022-06-08,32889.0,33168.0,32805.0,33101.0,123302
2022-06-09,32263.0,33110.0,32252.0,32914.0,149004
2022-06-10,31388.0,32340.0,31366.0,32263.0,101637
2022-06-13,30527.0,31340.0,30363.0,31330.0,78447
2022-06-14,30375.0,30873.0,30139.0,30507.0,66377
2022-06-15,30661.0,31011.0,30171.0,30410.0,53294
2022-06-16,29928.0,30943.0,29741.0,30713.0,54162
2022-06-17,29806.0,30210.0,29806.0,29994.0,214850
2022-06-21,30525.0,30646.0,29740.0,29930.0,177185
2022-06-22,30471.0,30774.0,30007.0,30541.0,173579
2022-06-23,30672.0,30699.0,30245.0,30467.0,160447
2022-06-24,31487.0,31508.0,30537.0,30562.0,127838
2022-06-27,31421.0,31695.0,31331.0,31483.0,136050
2022-06-28,30933.0,31867.0,30902.0,31470.0,166109
2022-06-29,30999.0,31144.0,30858.0,30975.0,165026
2022-06-30,30781.0,31042.0,30406.0,31021.0,221067
2022-07-01,31061.0,31116.0,30422.0,30720.0,173408
2022-07-05,30936.0,31221.0,30328.0,31041.0,215205
2022-07-06,31013.0,31204.0,30739.0,30955.0,189258
2022-07-07,31367.0,31403.0,30898.0,31002.0,114521
2022-07-08,31310.0,31490.0,31186.0,31317.0,146960
2022-07-11,31140.0,31345.0,31042.0,31332.0,120553
2022-07-12,30966.0,31328.0,30829.0,31158.0,147155
2022-07-13,30758.0,31300.0,30475.0,30980.0,184483
2022-07-14,30604.0,30774.0,30110.0,30709.0,178116
2022-07-15,31247.0,31263.0,30496.0,30630.0,130604
2022-07-18,31047.0,31617.0,30947.0,31289.0,131176
2022-07-19,31791.0,31850.0,31031.0,31065.0,136571
2022-07-20,31853.0,31980.0,31621.0,31817.0,142855
2022-07-21,32007.0,32032.0,31503.0,31790.0,155347
2022-07-22,31875.0,32194.0,31704.0,31996.0,140419
2022-07-25,31967.0,32063.0,31772.0,31876.0,112675
2022-07-26,31732.0,31922.0,31666.0,31861.0,156885
2022-07-27,32172.0,32315.0,31756.0,31770.0,142403
2022-07-28,32490.0,32608.0,31944.0,32161.0,176427
2022-07-29,32825.0,32888.0,32456.0,32560.0,131848
2022-08-01,32767.0,32937.0,32601.0,32815.0,128930
2022-08-02,32365.0,32797.0,32350.0,32753.0,139620
2022-08-03,32770.0,32872.0,32343.0,32387.0,103624
2022-08-04,32681.0,32870.0,32602.0,32770.0,103094
2022-08-05,32757.0,32786.0,32431.0,32682.0,112166
2022-08-08,32792.0,33065.0,32664.0,32727.0,109969
2022-08-09,32737.0,32883.0,32661.0,32838.0,90975
2022-08-10,33260.0,33330.0,32679.0,32773.0,112955
2022-08-11,33304.0,33626.0,33253.0,33298.0,111237
2022-08-12,33718.0,33729.0,33294.0,33339.0,87079
2022-08-15,33873.0,33925.0,33486.0,33709.0,89360
2022-08-16,34118.0,34245.0,33785.0,33850.0,100339
2022-08-17,33963.0,34177.0,33805.0,34127.0,106625
2022-08-18,33981.0,34056.0,33822.0,33996.0,85107
2022-08-19,33706.0,34008.0,33616.0,33981.0,94408
2022-08-22,33056.0,33660.0,33000.0,33660.0,97478
2022-08-23,32901.0,33177.0,32844.0,33101.0,96410
2022-08-24,32958.0,33084.0,32753.0,32889.0,90228
2022-08-25,33273.0,33290.0,32871.0,32962.0,101829
2022-08-26,32263.0,33444.0,32153.0,33257.0,152192
2022-08-29,32075.0,32301.0,31925.0,32118.0,132036
2022-08-30,31775.0,32348.0,31615.0,32126.0,139146
2022-08-31,31532.0,32001.0,31501.0,31788.0,149221
2022-09-01,31663.0,31678.0,31224.0,31574.0,147870
2022-09-02,31312.0,32029.0,31181.0,31663.0,167083
2022-09-06,31166.0,31593.0,31041.0,31322.0,183516
2022-09-07,31577.0,31644.0,30975.0,31156.0,111162
2022-09-08,31766.0,31805.0,31303.0,31592.0,138092
2022-09-09,32164.0,32234.0,31768.0,31783.0,63213
2022-09-12,32386.0,32506.0,32141.0,32202.0,40520
2022-09-13,31103.0,32724.0,31021.0,32387.0,55078
2022-09-14,31149.0,31285.0,30890.0,31184.0,32141
2022-09-15,30974.0,31280.0,30880.0,31206.0,25045
2022-09-16,30645.0,30988.0,30513.0,30925.0,136737
2022-09-19,31117.0,31184.0,30588.0,30951.0,117367
2022-09-20,30801.0,31256.0,30557.0,31151.0,124813
2022-09-21,30282.0,31119.0,30202.0,30818.0,213235
2022-09-22,30149.0,30495.0,30048.0,30242.0,161631
2022-09-23,29669.0,30239.0,29313.0,30181.0,172332
2022-09-26,29343.0,29736.0,29227.0,29647.0,175431
2022-09-27,29203.0,29730.0,29017.0,29370.0,179054
2022-09-28,29750.0,29886.0,28883.0,29284.0,222031
2022-09-29,29285.0,29784.0,29047.0,29750.0,173466
2022-09-30,28801.0,29549.0,28766.0,29297.0,187174
2022-10-03,29538.0,29701.0,28638.0,28769.0,155499
2022-10-04,30365.0,30399.0,29499.0,29553.0,165528
2022-10-05,30310.0,30512.0,29934.0,30355.0,148095
2022-10-06,29982.0,30486.0,29903.0,30316.0,164917
2022-10-07,29353.0,30126.0,29188.0,29960.0,157753
2022-10-10,29260.0,29538.0,29055.0,29290.0,146987
2022-10-11,29266.0,29658.0,28946.0,29284.0,182629
2022-10-12,29261.0,29525.0,29177.0,29338.0,155049
2022-10-13,30091.0,30217.0,28671.0,29307.0,281749
2022-10-14,29708.0,30479.0,29650.0,30106.0,244868
2022-10-17,30230.0,30364.0,29620.0,29659.0,145898
2022-10-18,30576.0,30877.0,30302.0,30318.0,201428
2022-10-19,30460.0,30818.0,30254.0,30707.0,161038
2022-10-20,30353.0,30857.0,30287.0,30509.0,170443
2022-10-21,31123.0,31197.0,30104.0,30416.0,212845
2022-10-24,31545.0,31640.0,30921.0,31190.0,182632
2022-10-25,31877.0,31915.0,31344.0,31505.0,136109
2022-10-26,31872.0,32214.0,31744.0,31858.0,163099
2022-10-27,32074.0,32422.0,31872.0,31960.0,186254
2022-10-28,32896.0,33003.0,31884.0,32070.0,167061
2022-10-31,32775.0,32942.0,32617.0,32921.0,132738
2022-11-01,32685.0,33027.0,32509.0,32781.0,148049
2022-11-02,32178.0,33108.0,32122.0,32650.0,226346
2022-11-03,32017.0,32273.0,31737.0,32199.0,173615
2022-11-04,32428.0,32631.0,31872.0,32000.0,225783
2022-11-07,32838.0,32904.0,32150.0,32332.0,145288
2022-11-08,33175.0,33367.0,32765.0,32806.0,154114
2022-11-09,32527.0,33226.0,32481.0,33134.0,166455
2022-11-10,33712.0,33800.0,32516.0,32552.0,201615
2022-11-11,33763.0,33986.0,33408.0,33789.0,174001
2022-11-14,33561.0,33982.0,33549.0,33668.0,144142
2022-11-15,33605.0,34027.0,33324.0,33629.0,215175
2022-11-16,33591.0,33734.0,33469.0,33569.0,153259
2022-11-17,33581.0,33732.0,33190.0,33658.0,152642
2022-11-18,33775.0,33854.0,33469.0,33580.0,140912
2022-11-21,33735.0,33899.0,33585.0,33759.0,105862
2022-11-22,34126.0,34138.0,33659.0,33739.0,107480
2022-11-23,34211.0,34278.0,34015.0,34137.0,99186
2022-11-25,34356.0,34407.0,34206.0,34255.0,66621
2022-11-28,33871.0,34351.0,33806.0,34351.0,121017
2022-11-29,33857.0,33982.0,33669.0,33852.0,108043
2022-11-30,34599.0,34648.0,33623.0,33852.0,176346
2022-12-01,34429.0,34708.0,34157.0,34611.0,145144
2022-12-02,34459.0,34528.0,33935.0,34408.0,141068
2022-12-05,33986.0,34461.0,33883.0,34422.0,102982
2022-12-06,33633.0,34087.0,33450.0,34000.0,122714
2022-12-07,33625.0,33812.0,33462.0,33653.0,130706
2022-12-08,33803.0,33931.0,33483.0,33632.0,103145
2022-12-09,33498.0,33957.0,33475.0,33800.0,98241
2022-12-12,34017.0,34026.0,33433.0,33478.0,47996
2022-12-13,34133.0,35044.0,33910.0,33968.0,97270
2022-12-14,33993.0,34424.0,33715.0,34146.0,52918
2022-12-15,33212.0,34090.0,33020.0,34027.0,48880
2022-12-16,32966.0,33272.0,32778.0,33172.0,144280
2022-12-19,32973.0,33279.0,32791.0,33108.0,107082
2022-12-20,33053.0,33205.0,32686.0,32944.0,136426
2022-12-21,33569.0,33644.0,33140.0,33140.0,109161
2022-12-22,33208.0,33663.0,32752.0,33628.0,126459
2022-12-23,33375.0,33411.0,32988.0,33195.0,133021
2022-12-27,33416.0,33613.0,33241.0,33390.0,95317
2022-12-28,33046.0,33566.0,33025.0,33407.0,103101
2022-12-29,33375.0,33458.0,32996.0,33062.0,79932
2022-12-30,33285.0,33374.0,32988.0,33374.0,96741
2023-01-03,33278.0,33647.0,32980.0,33357.0,155752
2023-01-04,33416.0,33563.0,33171.0,33243.0,161868
2023-01-05,33070.0,33467.0,32943.0,33387.0,141002
2023-01-06,33772.0,33862.0,33028.0,33094.0,177826
2023-01-09,33670.0,34079.0,33630.0,33780.0,119349
2023-01-10,33849.0,33870.0,33489.0,33672.0,132426
2023-01-11,34110.0,34128.0,33826.0,33865.0,97218
2023-01-12,34319.0,34423.0,33854.0,34119.0,172742
2023-01-13,34416.0,34464.0,34005.0,34306.0,119018
2023-01-17,34020.0,34491.0,33970.0,34433.0,144602
2023-01-18,33386.0,34130.0,33365.0,34026.0,157490
2023-01-19,33139.0,33392.0,33066.0,33388.0,145881
2023-01-20,33474.0,33481.0,33031.0,33179.0,132099
2023-01-23,33727.0,33881.0,33403.0,33479.0,135221
2023-01-24,33826.0,33903.0,33473.0,33734.0,133399
2023-01-25,33823.0,33866.0,33347.0,33843.0,142138
2023-01-26,34023.0,34043.0,33700.0,33789.0,128323
2023-01-27,34046.0,34241.0,33899.0,33997.0,130302
2023-01-30,33785.0,34123.0,33762.0,34025.0,141310
2023-01-31,34156.0,34164.0,33580.0,33811.0,141111
2023-02-01,34148.0,34407.0,33626.0,34145.0,183440
2023-02-02,34097.0,34218.0,33856.0,34150.0,187253
2023-02-03,33962.0,34228.0,33825.0,34047.0,181569
2023-02-06,33934.0,34009.0,33686.0,33888.0,109782
2023-02-07,34206.0,34281.0,33661.0,33920.0,165945
2023-02-08,33995.0,34213.0,33919.0,34149.0,109402
2023-02-09,33734.0,34288.0,33629.0,33996.0,120270
2023-02-10,33895.0,33925.0,33543.0,33750.0,118263
2023-02-13,34268.0,34288.0,33759.0,33915.0,84444
2023-02-14,34121.0,34551.0,33850.0,34286.0,162605
2023-02-15,34174.0,34192.0,33870.0,34110.0,104087
2023-02-16,33739.0,34233.0,33710.0,34151.0,129035
2023-02-17,33866.0,33888.0,33512.0,33715.0,121143
2023-02-21,33162.0,33875.0,33141.0,33851.0,125005
2023-02-22,33079.0,33276.0,32975.0,33183.0,116690
2023-02-23,33182.0,33293.0,32815.0,33106.0,111814
2023-02-24,32826.0,33196.0,32654.0,33146.0,115007
2023-02-27,32909.0,33212.0,32787.0,32846.0,98207
2023-02-28,32682.0,33021.0,32608.0,32916.0,103588
2023-03-01,32693.0,32863.0,32527.0,32654.0,126828
2023-03-02,33018.0,33106.0,32639.0,32850.0,109130
2023-03-03,33414.0,33431.0,32954.0,33008.0,91838
2023-03-06,33451.0,33592.0,33356.0,33409.0,79946
2023-03-07,32864.0,33513.0,32840.0,33446.0,109330
2023-03-08,32813.0,32938.0,32626.0,32880.0,118420
2023-03-09,32259.0,33002.0,32190.0,32833.0,136147
2023-03-10,31918.0,32435.0,31791.0,32265.0,275499
2023-03-13,31830.0,32385.0,31530.0,32008.0,215347
2023-03-14,32161.0,32313.0,31800.0,31925.0,54895
2023-03-15,31872.0,32201.0,31427.0,32140.0,76666
2023-03-16,32249.0,32284.0,31566.0,31872.0,38669
2023-03-17,32106.0,32340.0,31926.0,32193.0,157677
2023-03-20,32456.0,32513.0,31656.0,32140.0,186479
2023-03-21,32774.0,32834.0,32440.0,32472.0,111908
2023-03-22,32258.0,32995.0,32231.0,32793.0,150047
2023-03-23,32319.0,32727.0,32060.0,32302.0,168203
2023-03-24,32434.0,32485.0,31944.0,32360.0,186545
2023-03-27,32631.0,32769.0,32418.0,32494.0,128536
2023-03-28,32588.0,32787.0,32487.0,32682.0,105416
2023-03-29,32903.0,32924.0,32617.0,32618.0,95221
2023-03-30,33044.0,33124.0,32863.0,32907.0,100022
2023-03-31,33460.0,33549.0,33003.0,33050.0,92906
2023-04-03,33786.0,33821.0,33435.0,33442.0,93825
2023-04-04,33577.0,33879.0,33455.0,33768.0,108019
2023-04-05,33656.0,33725.0,33503.0,33622.0,97514
2023-04-06,33659.0,33716.0,33492.0,33619.0,9568
2023-04-10,33751.0,33785.0,33508.0,33717.0,69569
2023-04-11,33852.0,33953.0,33731.0,33766.0,74142
2023-04-12,33813.0,34119.0,33760.0,33876.0,116272
2023-04-13,34190.0,34217.0,33746.0,33787.0,89536
2023-04-14,34037.0,34299.0,33876.0,34150.0,120288
2023-04-17,34129.0,34146.0,33940.0,34105.0,73764
2023-04-18,34124.0,34281.0,33928.0,34119.0,90540
2023-04-19,34033.0,34119.0,33942.0,34097.0,75876
2023-04-20,33909.0,34032.0,33803.0,34016.0,87675
2023-04-21,33950.0,33996.0,33812.0,33903.0,87462
2023-04-24,34001.0,34023.0,33776.0,33921.0,67179
2023-04-25,33652.0,34009.0,33643.0,33986.0,94905
2023-04-26,33424.0,33762.0,33347.0,33704.0,119341
2023-04-27,33929.0,33967.0,33420.0,33460.0,106859
2023-04-28,34200.0,34234.0,33751.0,33894.0,102305
2023-05-01,34152.0,34363.0,34105.0,34212.0,66443
2023-05-02,33772.0,34188.0,33510.0,34127.0,128812
2023-05-03,33492.0,33908.0,33401.0,33747.0,134114
2023-05-04,33196.0,33561.0,33004.0,33405.0,165185
2023-05-05,33739.0,33822.0,33181.0,33186.0,99512
2023-05-08,33685.0,33849.0,33568.0,33752.0,67639
2023-05-09,33637.0,33727.0,33539.0,33683.0,60682
2023-05-10,33602.0,33855.0,33298.0,33647.0,139508
2023-05-11,33371.0,33683.0,33181.0,33585.0,108714
2023-05-12,33355.0,33543.0,33162.0,33383.0,99511
2023-05-15,33398.0,33505.0,33212.0,33323.0,87389
2023-05-16,33060.0,33397.0,33032.0,33396.0,96095
2023-05-17,33478.0,33541.0,33061.0,33089.0,112920
2023-05-18,33618.0,33651.0,33280.0,33466.0,126061
2023-05-19,33496.0,33731.0,33393.0,33623.0,123622
2023-05-22,33360.0,33586.0,33272.0,33441.0,99841
2023-05-23,33132.0,33480.0,33070.0,33387.0,117043
2023-05-24,32854.0,33184.0,32807.0,33149.0,132850
2023-05-25,32806.0,32914.0,32619.0,32883.0,141911
2023-05-26,33125.0,33201.0,32724.0,32808.0,122072
2023-05-30,33089.0,33313.0,32921.0,33222.0,129107
2023-05-31,32979.0,33079.0,32794.0,33064.0,109868
2023-06-01,33103.0,33213.0,32738.0,32927.0,115060
2023-06-02,33817.0,33864.0,33113.0,33124.0,123183
2023-06-05,33619.0,33896.0,33592.0,33820.0,100311
2023-06-06,33617.0,33686.0,33448.0,33601.0,87939
2023-06-07,33709.0,33745.0,33542.0,33611.0,77023
2023-06-08,33865.0,33909.0,33636.0,33690.0,73119
2023-06-09,33909.0,33999.0,33742.0,33853.0,63615
2023-06-12,34083.0,34095.0,33876.0,33896.0,22451
2023-06-13,34228.0,34330.0,33970.0,34092.0,20195
2023-06-14,33990.0,34253.0,33792.0,34210.0,19586
2023-06-15,34420.0,34496.0,33875.0,33967.0,15393
2023-06-16,34582.0,34582.0,34365.0,34392.0,74127
2023-06-20,34356.0,34664.0,34199.0,34619.0,75901
2023-06-21,34235.0,34389.0,34152.0,34327.0,70516
2023-06-22,34210.0,34279.0,34094.0,34246.0,65173
2023-06-23,33977.0,34249.0,33889.0,34247.0,69556
2023-06-26,33971.0,34073.0,33856.0,33973.0,69473
2023-06-27,34183.0,34232.0,33901.0,33981.0,65395
2023-06-28,34101.0,34218.0,33995.0,34171.0,69191
2023-06-29,34353.0,34387.0,34053.0,34126.0,72889
2023-06-30,34643.0,34708.0,34311.0,34325.0,65778
2023-07-03,34637.0,34688.0,34511.0,34612.0,34435
2023-07-05,34509.0,34667.0,34436.0,34633.0,57900
2023-07-06,34131.0,34510.0,33967.0,34510.0,80637
2023-07-07,33937.0,34244.0,33918.0,34116.0,69074
2023-07-10,34146.0,34170.0,33802.0,33968.0,63772
2023-07-11,34464.0,34493.0,34060.0,34140.0,60091
2023-07-12,34550.0,34792.0,34412.0,34436.0,79677
2023-07-13,34590.0,34676.0,34541.0,34558.0,53887
2023-07-14,34678.0,34788.0,34496.0,34558.0,65597
2023-07-17,34763.0,34850.0,34579.0,34653.0,54145
2023-07-18,35142.0,35172.0,34691.0,34742.0,72393
2023-07-19,35253.0,35417.0,35111.0,35124.0,71119
2023-07-20,35401.0,35548.0,35187.0,35248.0,82640
2023-07-21,35398.0,35515.0,35347.0,35408.0,63583
2023-07-24,35581.0,35634.0,35350.0,35391.0,54767
2023-07-25,35604.0,35694.0,35528.0,35583.0,50984
2023-07-26,35684.0,35799.0,35470.0,35596.0,76421
2023-07-27,35431.0,35844.0,35347.0,35634.0,91681
2023-07-28,35592.0,35709.0,35376.0,35451.0,67477
2023-07-31,35695.0,35718.0,35510.0,35591.0,50251
2023-08-01,35757.0,35809.0,35572.0,35703.0,59827
2023-08-02,35403.0,35727.0,35333.0,35684.0,91268
2023-08-03,35312.0,35495.0,35216.0,35413.0,87747
2023-08-04,35153.0,35601.0,35118.0,35325.0,97726
2023-08-07,35554.0,35586.0,35130.0,35150.0,70953
2023-08-08,35395.0,35571.0,35077.0,35565.0,85280
2023-08-09,35202.0,35496.0,35131.0,35395.0,73923
2023-08-10,35251.0,35659.0,35177.0,35254.0,123607
2023-08-11,35351.0,35430.0,35114.0,35277.0,88058
2023-08-14,35371.0,35458.0,35226.0,35385.0,72960
2023-08-15,35007.0,35413.0,34958.0,35356.0,86436
2023-08-16,34821.0,35189.0,34801.0,35037.0,81571
2023-08-17,34536.0,34952.0,34500.0,34838.0,86562
2023-08-18,34565.0,34660.0,34330.0,34536.0,85783
2023-08-21,34524.0,34709.0,34308.0,34565.0,72682
2023-08-22,34344.0,34652.0,34306.0,34496.0,72595
2023-08-23,34522.0,34592.0,34323.0,34346.0,63768
2023-08-24,34140.0,34737.0,34095.0,34565.0,99656
2023-08-25,34377.0,34483.0,34062.0,34185.0,114918
2023-08-28,34594.0,34692.0,34390.0,34418.0,65759
2023-08-29,34887.0,34909.0,34524.0,34609.0,74955
2023-08-30,34956.0,35089.0,34848.0,34909.0,69218
2023-08-31,34791.0,35167.0,34770.0,35035.0,68429
2023-09-01,34882.0,35026.0,34760.0,34811.0,71229
2023-09-05,34680.0,34969.0,34673.0,34868.0,71767
2023-09-06,34479.0,34709.0,34321.0,34700.0,71665
2023-09-07,34528.0,34585.0,34364.0,34471.0,78493
2023-09-08,34608.0,34659.0,34442.0,34555.0,59678
2023-09-11,34682.0,34808.0,34580.0,34624.0,23826
2023-09-12,34667.0,34876.0,34555.0,34675.0,15839
2023-09-13,34588.0,34791.0,34518.0,34692.0,12680
2023-09-14,34924.0,34990.0,34578.0,34627.0,12387
2023-09-15,34915.0,35038.0,34863.0,34960.0,81662
2023-09-18,34935.0,35038.0,34848.0,34942.0,51408
2023-09-19,34817.0,34991.0,34608.0,34945.0,60934
2023-09-20,34729.0,35079.0,34718.0,34817.0,77149
2023-09-21,34337.0,34747.0,34301.0,34747.0,99618
2023-09-22,34232.0,34421.0,34211.0,34322.0,86835
2023-09-25,34273.0,34358.0,34039.0,34277.0,80554
2023-09-26,33875.0,34288.0,33814.0,34281.0,86458
2023-09-27,33791.0,34012.0,33545.0,33912.0,95879
2023-09-28,33892.0,34009.0,33694.0,33843.0,95494
2023-09-29,33725.0,34127.0,33624.0,33934.0,110486
2023-10-02,33638.0,33936.0,33435.0,33853.0,124607
2023-10-03,33201.0,33708.0,33115.0,33648.0,128533
2023-10-04,33326.0,33356.0,33020.0,33199.0,128533
2023-10-05,33304.0,33367.0,33127.0,33271.0,100464
2023-10-06,33600.0,33756.0,33031.0,33283.0,140434
2023-10-09,33801.0,33834.0,33298.0,33492.0,82765
2023-10-10,33936.0,34091.0,33773.0,33794.0,78912
2023-10-11,33992.0,34079.0,33799.0,33920.0,82558
2023-10-12,33796.0,34154.0,33617.0,34035.0,103574
2023-10-13,33827.0,34123.0,33707.0,33771.0,121314
2023-10-16,34134.0,34254.0,33795.0,33795.0,110542
2023-10-17,34144.0,34305.0,33968.0,34175.0,111888
2023-10-18,33806.0,34147.0,33738.0,34122.0,120786
2023-10-19,33547.0,33991.0,33492.0,33820.0,170045
2023-10-20,33258.0,33560.0,33219.0,33539.0,131513
2023-10-23,33067.0,33365.0,33014.0,33275.0,105897
2023-10-24,33269.0,33420.0,33056.0,33137.0,95911
2023-10-25,33150.0,33390.0,33098.0,33351.0,128877
2023-10-26,32876.0,33204.0,32834.0,33199.0,134134
2023-10-27,32504.0,33007.0,32409.0,32925.0,132361
2023-10-30,33017.0,33092.0,32509.0,32526.0,95430
2023-10-31,33135.0,33221.0,32868.0,33016.0,95581
2023-11-01,33351.0,33418.0,32989.0,33082.0,109586
2023-11-02,33914.0,33932.0,33338.0,33356.0,94846
2023-11-03,34137.0,34232.0,33884.0,33906.0,87170
2023-11-06,34164.0,34230.0,34051.0,34174.0,55236
2023-11-07,34215.0,34268.0,34031.0,34132.0,55097
2023-11-08,34173.0,34315.0,34053.0,34217.0,68604
2023-11-09,33944.0,34283.0,33914.0,34161.0,92149
2023-11-10,34338.0,34373.0,33912.0,33984.0,79674
2023-11-13,34385.0,34459.0,34201.0,34302.0,59132
2023-11-14,34887.0,34983.0,34350.0,34397.0,87788
2023-11-15,35050.0,35104.0,34899.0,34923.0,71076
2023-11-16,35019.0,35090.0,34887.0,35014.0,65794
2023-11-17,35012.0,35166.0,34943.0,35057.0,51217
2023-11-20,35225.0,35305.0,34963.0,34969.0,49331
2023-11-21,35148.0,35246.0,35092.0,35218.0,43617
2023-11-22,35318.0,35359.0,35119.0,35148.0,55600
2023-11-23,35362.0,35388.0,35278.0,35303.0,55600
2023-11-24,35430.0,35439.0,35278.0,35303.0,31435
2023-11-27,35373.0,35454.0,35315.0,35422.0,44628
2023-11-28,35445.0,35548.0,35318.0,35375.0,56241
2023-11-29,35488.0,35641.0,35451.0,35451.0,62392
2023-11-30,36010.0,36027.0,35563.0,35576.0,84445
2023-12-01,36303.0,36338.0,35963.0,35986.0,76720
2023-12-04,36268.0,36330.0,36093.0,36308.0,61240
2023-12-05,36189.0,36260.0,36066.0,36250.0,64593
2023-12-06,36112.0,36352.0,36077.0,36165.0,59550
2023-12-07,36166.0,36210.0,36020.0,36110.0,51751
2023-12-08,36280.0,36335.0,36008.0,36150.0,50512
2023-12-11,36438.0,36451.0,36241.0,36287.0,14646
2023-12-12,36598.0,36690.0,36393.0,36440.0,14301
2023-12-13,37111.0,37154.0,36553.0,36627.0,12369
2023-12-14,37265.0,37320.0,37055.0,37113.0,11483
2023-12-15,36996.0,37431.0,36996.0,37201.0,76233
2023-12-18,37678.0,37771.0,37644.0,37669.0,39571
2023-12-19,37931.0,37939.0,37637.0,37651.0,40763
2023-12-20,37445.0,38014.0,37390.0,37915.0,72756
2023-12-21,37756.0,37765.0,37460.0,37460.0,74560
2023-12-22,37740.0,37881.0,37586.0,37704.0,59512
2023-12-26,37894.0,37961.0,37681.0,37718.0,27001
2023-12-27,38006.0,38026.0,37819.0,37920.0,43701
2023-12-28,38029.0,38088.0,37924.0,38003.0,37997
2023-12-29,38012.0,38089.0,37841.0,38024.0,47415
2024-01-02,37993.0,38112.0,37758.0,37969.0,77671
2024-01-03,37697.0,38017.0,37666.0,37991.0,84931
2024-01-04,37715.0,37984.0,37699.0,37718.0,68943
2024-01-05,37719.0,37882.0,37504.0,37752.0,88859
2024-01-08,37933.0,37947.0,37470.0,37678.0,83851
2024-01-09,37763.0,37902.0,37610.0,37890.0,62849
2024-01-10,37936.0,37985.0,37700.0,37737.0,60708
2024-01-11,37927.0,38037.0,37627.0,37944.0,96233
2024-01-12,37792.0,38033.0,37650.0,37910.0,95205
2024-01-16,37553.0,37830.0,37389.0,37755.0,119988
2024-01-17,37458.0,37559.0,37315.0,37541.0,81491
2024-01-18,37659.0,37708.0,37303.0,37462.0,96330
2024-01-19,38045.0,38134.0,37597.0,37639.0,92283
2024-01-22,38199.0,38302.0,38048.0,38048.0,80028
2024-01-23,38089.0,38209.0,37975.0,38184.0,62132
2024-01-24,37979.0,38253.0,37950.0,38105.0,78625
2024-01-25,38210.0,38219.0,37912.0,38055.0,93274
2024-01-26,38258.0,38374.0,38051.0,38160.0,78745
2024-01-29,38488.0,38496.0,38158.0,38209.0,61259
2024-01-30,38612.0,38643.0,38385.0,38431.0,57775
2024-01-31,38280.0,38719.0,38247.0,38580.0,127226
2024-02-01,38625.0,38660.0,38212.0,38296.0,96686
2024-02-02,38765.0,38891.0,38434.0,38617.0,99549
2024-02-05,38466.0,38797.0,38311.0,38753.0,88750
2024-02-06,38613.0,38633.0,38366.0,38441.0,68339
2024-02-07,38774.0,38842.0,38547.0,38595.0,67785
2024-02-08,38824.0,38847.0,38626.0,38774.0,59702
2024-02-09,38748.0,38979.0,38646.0,38807.0,64114
2024-02-12,38884.0,39013.0,38679.0,38714.0,53150
2024-02-13,38333.0,38897.0,38095.0,38876.0,117052
2024-02-14,38494.0,38525.0,38256.0,38327.0,90456
2024-02-15,38858.0,38868.0,38453.0,38488.0,76272
2024-02-16,38697.0,38910.0,38650.0,38858.0,81617
2024-02-20,38642.0,38746.0,38524.0,38660.0,96086
2024-02-21,38677.0,38765.0,38400.0,38661.0,85029
2024-02-22,39123.0,39214.0,38632.0,38632.0,98940
2024-02-23,39189.0,39344.0,39088.0,39112.0,69758
2024-02-26,39116.0,39291.0,39069.0,39187.0,59520
2024-02-27,39016.0,39152.0,38911.0,39105.0,59738
2024-02-28,38993.0,39016.0,38790.0,39016.0,65866
2024-02-29,39043.0,39124.0,38837.0,38891.0,94038
2024-03-01,39142.0,39172.0,38890.0,39010.0,81243
2024-03-04,39022.0,39126.0,38905.0,39103.0,62042
2024-03-05,38607.0,38992.0,38478.0,38989.0,85210
2024-03-06,38706.0,38901.0,38584.0,38625.0,90143
2024-03-07,38826.0,38944.0,38548.0,38729.0,76128
2024-03-08,38756.0,39009.0,38620.0,38815.0,89006
2024-03-11,38797.0,38822.0,38495.0,38778.0,26288
2024-03-12,39032.0,39097.0,38650.0,38806.0,20454
2024-03-13,39067.0,39115.0,39097.0,39099.0,10432
2024-03-14,38913.0,38931.0,38894.0,38931.0,12334
2024-03-15,38691.0,38998.0,38691.0,38931.0,92250
2024-03-18,39223.0,39338.0,39088.0,39138.0,67188
2024-03-19,39539.0,39555.0,39116.0,39239.0,76369
2024-03-20,39940.0,39988.0,39967.0,39973.0,87253
2024-03-21,40206.0,40315.0,39950.0,39973.0,82701
2024-03-22,39868.0,40270.0,39812.0,40260.0,67445
2024-03-25,39699.0,39714.0,39704.0,39709.0,49770
2024-03-26,39680.0,39822.0,39657.0,39709.0,51710
2024-03-27,40144.0,40182.0,39740.0,39745.0,72845
2024-03-28,40176.0,40241.0,40090.0,40144.0,53864
2024-04-01,39894.0,40358.0,39708.0,40185.0,73572
2024-04-02,39508.0,39805.0,39368.0,39773.0,80948
2024-04-03,39482.0,39633.0,39344.0,39524.0,79047
2024-04-04,38916.0,39760.0,38876.0,39494.0,109193
2024-04-05,39223.0,39369.0,38863.0,38914.0,120176
2024-04-08,39219.0,39339.0,39116.0,39275.0,78839
2024-04-09,39196.0,39308.0,38873.0,39221.0,96196
2024-04-10,38757.0,39341.0,38591.0,39237.0,156620
2024-04-11,38732.0,38880.0,38472.0,38720.0,136584
2024-04-12,38238.0,38834.0,38133.0,38768.0,150268
2024-04-15,37993.0,38638.0,37911.0,38151.0,168751
2024-04-16,38046.0,38283.0,37838.0,37986.0,194569
2024-04-17,37990.0,38257.0,37841.0,38077.0,167552
2024-04-18,38007.0,38319.0,37899.0,37987.0,139642
2024-04-19,38208.0,38345.0,37462.0,38013.0,206608
2024-04-22,38468.0,38681.0,38208.0,38272.0,114023
2024-04-23,38726.0,38790.0,38431.0,38495.0,91516
2024-04-24,38680.0,38802.0,38519.0,38762.0,102322
2024-04-25,38288.0,38638.0,37944.0,38578.0,152819
2024-04-26,38441.0,38534.0,38243.0,38363.0,83564
2024-04-29,38559.0,38593.0,38392.0,38496.0,65356
2024-04-30,37993.0,38571.0,37920.0,38555.0,98160
2024-05-01,38069.0,38525.0,37866.0,37950.0,122879
2024-05-02,38382.0,38638.0,38035.0,38120.0,96980
2024-05-03,38832.0,38958.0,38585.0,38643.0,90864
2024-05-06,38997.0,39028.0,38833.0,38921.0,59336
2024-05-07,39027.0,39128.0,38972.0,38987.0,61274
2024-05-08,39195.0,39236.0,38935.0,39014.0,54424
2024-05-09,39536.0,39591.0,39087.0,39179.0,66848
2024-05-10,39642.0,39717.0,39531.0,39565.0,66119
2024-05-13,39559.0,39780.0,39519.0,39616.0,49753
2024-05-14,39677.0,39736.0,39406.0,39554.0,70293
2024-05-15,40039.0,40062.0,39652.0,39667.0,65350
2024-05-16,40010.0,40191.0,39980.0,40010.0,68878
2024-05-17,40137.0,40146.0,39953.0,39993.0,51228
2024-05-20,39944.0,40213.0,39919.0,40134.0,58859
2024-05-21,40006.0,40033.0,39904.0,39943.0,57749
2024-05-22,39783.0,40032.0,39668.0,39985.0,72026
2024-05-23,39153.0,39882.0,39114.0,39723.0,105595
2024-05-24,39157.0,39315.0,39105.0,39147.0,64735
2024-05-28,38944.0,39242.0,38786.0,39154.0,87005
2024-05-29,38524.0,38940.0,38221.0,38940.0,95673
2024-05-30,38231.0,38314.0,38110.0,38274.0,91283
2024-05-31,38791.0,38859.0,38138.0,38228.0,119182
2024-06-03,38656.0,38919.0,38330.0,38823.0,123801
2024-06-04,38787.0,38878.0,38422.0,38684.0,99502
2024-06-05,38884.0,38938.0,38628.0,38813.0,92983
2024-06-06,38955.0,39091.0,38808.0,38880.0,94147
2024-06-07,38857.0,39175.0,38717.0,38955.0,121519
2024-06-10,38929.0,38946.0,38719.0,38863.0,84005
2024-06-11,38794.0,38933.0,38482.0,38900.0,99189
2024-06-12,38752.0,39193.0,38657.0,38777.0,152022
2024-06-13,38677.0,38642.0,38620.0,38620.0,100252
2024-06-14,38605.0,38676.0,38306.0,38620.0,107240
2024-06-17,38818.0,38886.0,38860.0,38862.0,23785
2024-06-18,38859.0,38841.0,38835.0,38841.0,13706
2024-06-20,39147.0,39163.0,39163.0,39163.0,11229
2024-06-21,39262.0,39262.0,39054.0,39163.0,86092
2024-06-24,39844.0,39867.0,39851.0,39858.0,98544
2024-06-25,39526.0,39473.0,39466.0,39471.0,95880
2024-06-26,39540.0,39587.0,39306.0,39471.0,79171
2024-06-27,39550.0,39506.0,39480.0,39506.0,84165
2024-06-28,39469.0,39818.0,39284.0,39506.0,109938
2024-07-01,39511.0,39506.0,39490.0,39497.0,85797
2024-07-02,39688.0,39657.0,39650.0,39650.0,77795
2024-07-03,39636.0,39679.0,39633.0,39636.0,59206
2024-07-05,39695.0,39780.0,39489.0,39636.0,89008
2024-07-08,39650.0,39671.0,39657.0,39671.0,81268
2024-07-09,39596.0,39817.0,39450.0,39671.0,79406
2024-07-10,40049.0,40022.0,40004.0,40011.0,82685
2024-07-11,40089.0,40122.0,40107.0,40108.0,122343
2024-07-12,40301.0,40572.0,40020.0,40108.0,104219
2024-07-15,40514.0,40563.0,40541.0,40541.0,118086
2024-07-16,41255.0,41280.0,41261.0,41261.0,116230
2024-07-17,41497.0,41556.0,41530.0,41535.0,149822
2024-07-18,40958.0,40985.0,40958.0,40958.0,150901
2024-07-19,40562.0,41007.0,40467.0,40958.0,135945
2024-07-22,40693.0,40714.0,40691.0,40712.0,104630
2024-07-23,40615.0,40599.0,40515.0,40599.0,91846
2024-07-24,40110.0,40208.0,40172.0,40208.0,115073
2024-07-25,40192.0,40259.0,40240.0,40241.0,185168
2024-07-26,40831.0,40996.0,40233.0,40241.0,140838
2024-07-29,40771.0,40800.0,40742.0,40742.0,98494
2024-07-30,40959.0,40792.0,40752.0,40773.0,122077
2024-07-31,41073.0,41112.0,41080.0,41085.0,145678
2024-08-01,40514.0,40450.0,40383.0,40423.0,168387
2024-08-02,39879.0,40450.0,39517.0,40423.0,199696
2024-08-05,38848.0,39084.0,39005.0,39010.0,261213
2024-08-06,39143.0,39095.0,39035.0,39050.0,206001
2024-08-07,38905.0,38865.0,38789.0,38799.0,207622
2024-08-08,39601.0,39662.0,38688.0,38799.0,143675
2024-08-09,39640.0,39772.0,39352.0,39615.0,117212
2024-08-12,39480.0,39740.0,39366.0,39639.0,99921
2024-08-13,39889.0,39924.0,39342.0,39501.0,88614
2024-08-14,40119.0,40193.0,39785.0,39862.0,88817
2024-08-15,40683.0,40722.0,40113.0,40165.0,82440
2024-08-16,40794.0,40856.0,40546.0,40703.0,68488
2024-08-19,41020.0,41046.0,40740.0,40810.0,62117
2024-08-20,40949.0,41088.0,40876.0,41000.0,69145
2024-08-21,41006.0,41098.0,40850.0,40951.0,79068
2024-08-22,40828.0,41145.0,40685.0,41028.0,84702
2024-08-23,41270.0,41306.0,40838.0,40840.0,98114
2024-08-26,41335.0,41522.0,41228.0,41259.0,73741
2024-08-27,41356.0,41391.0,41181.0,41330.0,70232
2024-08-28,41178.0,41450.0,40921.0,41364.0,97285
2024-08-29,41439.0,41681.0,41152.0,41245.0,120349
2024-08-30,41653.0,41673.0,41231.0,41496.0,90644
2024-09-03,41018.0,41652.0,40866.0,41629.0,117956
2024-09-04,41051.0,41260.0,40848.0,41040.0,113275
2024-09-05,40829.0,41168.0,40590.0,41024.0,127216
2024-09-06,40407.0,41079.0,40264.0,40870.0,159683
2024-09-09,40882.0,41064.0,40330.0,40359.0,159683
2024-09-10,40798.0,40989.0,40462.0,40903.0,121963
2024-09-11,40906.0,40952.0,40034.0,40805.0,163010
2024-09-12,41146.0,41158.0,40700.0,40897.0,137152
2024-09-13,41427.0,41569.0,41112.0,41112.0,91774
2024-09-16,41660.0,41785.0,41391.0,41417.0,36926
2024-09-17,41639.0,41874.0,41500.0,41631.0,20286
2024-09-18,41526.0,42024.0,41465.0,41661.0,26117
2024-09-19,42057.0,42195.0,41500.0,41500.0,13445
2024-09-20,41946.0,42093.0,41946.0,42080.0,110836
2024-09-23,42501.0,42561.0,42320.0,42471.0,72861
2024-09-24,42597.0,42656.0,42409.0,42466.0,85994
2024-09-25,42276.0,42679.0,42207.0,42535.0,92043
2024-09-26,42555.0,42595.0,42232.0,42265.0,97553
2024-09-27,42656.0,43004.0,42488.0,42536.0,109506
2024-09-30,42643.0,42716.0,42246.0,42634.0,104131
2024-10-01,42479.0,42657.0,42252.0,42595.0,164348
2024-10-02,42510.0,42581.0,42283.0,42446.0,113790
2024-10-03,42317.0,42574.0,42142.0,42553.0,127938
2024-10-04,42646.0,42668.0,42252.0,42289.0,129499
2024-10-07,42245.0,42704.0,42117.0,42636.0,112139
2024-10-08,42375.0,42426.0,42089.0,42210.0,94536
2024-10-09,42813.0,42864.0,42254.0,42376.0,93965
2024-10-10,42746.0,42846.0,42586.0,42809.0,95403
2024-10-11,43143.0,43180.0,42668.0,42750.0,98630
2024-10-14,43363.0,43421.0,42986.0,43104.0,76172
2024-10-15,43015.0,43445.0,42967.0,43398.0,125334
2024-10-16,43342.0,43368.0,42936.0,42995.0,80128
2024-10-17,43511.0,43550.0,43255.0,43341.0,96479
2024-10-18,43518.0,43581.0,43288.0,43494.0,83952
2024-10-21,43177.0,43579.0,43111.0,43540.0,84535
2024-10-22,43169.0,43283.0,42945.0,43166.0,93660
2024-10-23,42738.0,43066.0,42512.0,43013.0,100002
2024-10-24,42605.0,42748.0,42409.0,42677.0,87433
2024-10-25,42321.0,42812.0,42246.0,42631.0,99619
2024-10-28,42606.0,42637.0,42609.0,42631.0,82284
2024-10-29,42447.0,42516.0,42489.0,42490.0,91605
2024-10-30,42363.0,42360.0,42279.0,42360.0,105876
2024-10-31,41947.0,41983.0,41947.0,41948.0,142410
2024-11-01,42209.0,42495.0,41893.0,41948.0,122493
2024-11-04,41956.0,42011.0,41976.0,41988.0,103850
2024-11-05,42381.0,42450.0,42426.0,42450.0,92645
2024-11-06,43901.0,43959.0,43910.0,43910.0,196763
2024-11-07,43910.0,43951.0,43920.0,43932.0,101561
2024-11-08,44141.0,44300.0,43852.0,43932.0,95595
2024-11-11,44441.0,44427.0,44392.0,44427.0,102354
2024-11-12,44074.0,44556.0,44040.0,44427.0,116582
2024-11-13,44108.0,44280.0,43896.0,44074.0,123826
2024-11-14,43901.0,44256.0,43817.0,44119.0,107572
2024-11-15,43568.0,43907.0,43477.0,43893.0,123994
2024-11-18,43540.0,43653.0,43398.0,43581.0,92433
2024-11-19,43400.0,43623.0,42992.0,43532.0,111142
2024-11-20,43516.0,43588.0,43181.0,43410.0,101005
2024-11-21,43989.0,44147.0,43382.0,43572.0,134563
2024-11-22,44395.0,44453.0,43818.0,43989.0,105300
2024-11-25,44826.0,44914.0,44480.0,44496.0,107300
2024-11-26,44951.0,45005.0,44531.0,44863.0,117402
2024-11-27,44828.0,45120.0,44789.0,44959.0,92334
2024-11-29,45055.0,45170.0,44822.0,44858.0,59483
2024-12-02,44905.0,45137.0,44819.0,45053.0,75444
2024-12-03,44808.0,44987.0,44681.0,44881.0,79200
2024-12-04,45106.0,45176.0,44870.0,44902.0,95790
2024-12-05,44867.0,45154.0,44813.0,45099.0,71222
2024-12-06,44706.0,44982.0,44661.0,44845.0,75863
2024-12-09,44479.0,44808.0,44451.0,44700.0,70945
2024-12-10,44335.0,44553.0,44262.0,44462.0,82857
2024-12-11,44222.0,44443.0,44181.0,44367.0,78451
2024-12-12,43977.0,44272.0,43941.0,44201.0,93009
2024-12-13,43866.0,44093.0,43808.0,43977.0,81871
2024-12-16,43768.0,43992.0,43715.0,43857.0,34163
2024-12-17,43474.0,43773.0,43367.0,43742.0,27632
2024-12-18,42323.0,43725.0,42191.0,43469.0,35169
2024-12-19,42358.0,42792.0,42325.0,42400.0,18474
2024-12-20,42198.0,42429.0,42066.0,42421.0,189372
2024-12-23,43319.0,43478.0,42928.0,43354.0,99697
2024-12-24,43645.0,43664.0,43244.0,43340.0,39317
2024-12-26,43702.0,43745.0,43430.0,43634.0,62486
2024-12-27,43344.0,43710.0,43075.0,43681.0,96087
2024-12-30,42927.0,43390.0,42582.0,43302.0,107901
2024-12-31,42873.0,43101.0,42722.0,42944.0,91413
2025-01-02,42694.0,43245.0,42462.0,42888.0,135778
2025-01-03,43021.0,43079.0,42654.0,42708.0,85027
2025-01-06,42982.0,43408.0,42887.0,43001.0,118766
2025-01-07,42803.0,43211.0,42651.0,43029.0,127077
2025-01-08,42878.0,42941.0,42591.0,42771.0,148717
2025-01-09,42829.0,42907.0,42723.0,42884.0,13214
2025-01-10,42160.0,42906.0,42088.0,42828.0,179631
2025-01-13,42523.0,42565.0,41968.0,42202.0,144347
2025-01-14,42752.0,42824.0,42373.0,42560.0,121161
2025-01-15,43466.0,43569.0,42752.0,42800.0,113753
2025-01-16,43372.0,43570.0,43286.0,43486.0,117923
2025-01-17,43695.0,43867.0,43315.0,43344.0,103817
2025-01-21,44238.0,44275.0,43495.0,43681.0,143291
2025-01-22,44353.0,44415.0,44197.0,44250.0,85464
2025-01-23,44749.0,44758.0,44310.0,44336.0,80455
2025-01-24,44602.0,44775.0,44524.0,44696.0,75687
2025-01-27,44904.0,44932.0,44010.0,44475.0,187523
2025-01-28,45031.0,45160.0,44742.0,44886.0,112381
2025-01-29,44890.0,45140.0,44747.0,45018.0,117804
2025-01-30,45055.0,45190.0,44782.0,44946.0,127580
2025-01-31,44698.0,45226.0,44656.0,45057.0,144803
2025-02-03,44565.0,44815.0,43965.0,44486.0,202702
2025-02-04,44697.0,44829.0,44347.0,44826.0,100256
2025-02-05,45004.0,45055.0,44468.0,44677.0,81035
2025-02-06,44863.0,45178.0,44659.0,45043.0,90493
2025-02-07,44421.0,44962.0,44384.0,44782.0,130963
2025-02-10,44580.0,44734.0,44150.0,44250.0,73009
2025-02-11,44708.0,44750.0,44395.0,44558.0,66175
2025-02-12,44462.0,44733.0,44189.0,44700.0,108942
2025-02-13,44811.0,44874.0,44356.0,44518.0,100182
2025-02-14,44635.0,44881.0,44592.0,44802.0,69250
2025-02-18,44643.0,44760.0,44409.0,44655.0,86172
2025-02-19,44711.0,44722.0,44396.0,44643.0,70547
2025-02-20,44268.0,44685.0,44033.0,44664.0,84480
2025-02-21,43486.0,44332.0,43419.0,44252.0,121943
2025-02-24,43535.0,43596.0,43571.0,43571.0,118074
2025-02-25,43690.0,43790.0,43733.0,43790.0,148218
2025-02-26,43506.0,43510.0,43443.0,43510.0,128418
2025-02-27,43297.0,43948.0,43277.0,43510.0,188118
2025-02-28,43889.0,43933.0,43154.0,43337.0,171823
2025-03-03,43247.0,44119.0,42987.0,43904.0,204069
2025-03-04,42594.0,43364.0,42420.0,43300.0,236221
2025-03-05,43066.0,43197.0,42473.0,42828.0,215441
2025-03-06,42616.0,43096.0,42425.0,43030.0,216632
2025-03-07,42838.0,42944.0,42207.0,42694.0,218872
2025-03-10,41947.0,42780.0,41666.0,42780.0,193471
2025-03-11,41475.0,42128.0,41220.0,42020.0,225615
2025-03-12,41395.0,42025.0,41046.0,41523.0,193208
2025-03-13,40863.0,41496.0,40708.0,41373.0,148617
2025-03-14,41510.0,41563.0,40923.0,40930.0,134498
2025-03-17,41883.0,41987.0,41870.0,41890.0,41489
2025-03-18,41600.0,41595.0,41592.0,41592.0,27409
2025-03-19,41995.0,42015.0,41986.0,41986.0,18131
2025-03-20,41961.0,41959.0,41952.0,41958.0,13852
2025-03-21,41620.0,42003.0,41567.0,41958.0,109726
2025-03-24,42898.0,42968.0,42410.0,42410.0,94099
2025-03-25,42906.0,43025.0,42765.0,42900.0,80077
2025-03-26,42746.0,43143.0,42635.0,42930.0,114883
2025-03-27,42602.0,42875.0,42460.0,42656.0,120082
2025-03-28,41851.0,42665.0,41710.0,42603.0,103777
2025-03-31,42259.0,42423.0,41428.0,41595.0,156560
2025-04-01,42241.0,42418.0,41774.0,42222.0,155935
2025-04-02,42492.0,42838.0,41877.0,42228.0,154393
2025-04-03,40776.0,41968.0,40653.0,41916.0,228025
2025-04-04,38530.0,40750.0,38301.0,40675.0,379122
2025-04-07,38165.0,39426.0,36664.0,37931.0,456751
2025-04-08,37862.0,39649.0,37293.0,38485.0,379459
2025-04-09,40836.0,41031.0,36882.0,37697.0,371877
2025-04-10,39797.0,41143.0,38630.0,40979.0,303597
2025-04-11,40399.0,40615.0,39206.0,39794.0,252322
2025-04-14,40741.0,40991.0,40038.0,40679.0,186350
2025-04-15,40575.0,41010.0,40522.0,40678.0,153449
2025-04-16,39853.0,40713.0,39585.0,40481.0,174349
2025-04-17,39329.0,40291.0,39129.0,39831.0,176251
2025-04-21,38328.0,39309.0,37997.0,39309.0,116610
2025-04-22,39357.0,39449.0,38243.0,38277.0,152980
2025-04-23,39775.0,40558.0,39574.0,39574.0,194040
2025-04-24,40262.0,40405.0,39404.0,39780.0,134649
2025-04-25,40254.0,40380.0,39861.0,40257.0,169515
2025-04-28,40368.0,40566.0,40012.0,40249.0,116548
2025-04-29,40658.0,40777.0,40289.0,40346.0,143510
2025-04-30,40770.0,40934.0,39867.0,40723.0,168739
2025-05-01,40855.0,41222.0,40736.0,40862.0,128570
2025-05-02,41427.0,41507.0,40766.0,40810.0,127462
2025-05-05,41319.0,41554.0,41102.0,41423.0,91857
2025-05-06,40918.0,41350.0,40762.0,41281.0,123926
2025-05-07,41214.0,41376.0,40817.0,40822.0,146370
2025-05-08,41468.0,41875.0,41113.0,41186.0,149220
2025-05-09,41323.0,41617.0,41223.0,41470.0,117284
2025-05-12,42493.0,42563.0,41674.0,41698.0,148239
2025-05-13,42228.0,42536.0,42198.0,42530.0,103463
2025-05-14,42117.0,42340.0,42026.0,42235.0,92577
2025-05-15,42385.0,42455.0,41840.0,42106.0,110441
2025-05-16,42736.0,42763.0,42325.0,42450.0,88392
2025-05-19,42885.0,42983.0,42300.0,42469.0,99398
2025-05-20,42772.0,42974.0,42569.0,42896.0,73865
2025-05-21,41947.0,42750.0,41853.0,42750.0,124481
2025-05-22,41925.0,42177.0,41692.0,41913.0,101628
2025-05-23,41674.0,42027.0,41238.0,41986.0,127397
2025-05-27,42410.0,42477.0,41649.0,41674.0,87391
2025-05-28,42170.0,42514.0,42103.0,42477.0,72635
2025-05-29,42267.0,42775.0,41873.0,42180.0,113985
2025-05-30,42294.0,42439.0,41956.0,42225.0,102016
2025-06-02,42374.0,42419.0,41904.0,42275.0,81970
2025-06-03,42598.0,42637.0,42115.0,42375.0,71271
2025-06-04,42500.0,42708.0,42465.0,42569.0,64027
2025-06-05,42369.0,42739.0,42265.0,42477.0,0
2025-06-06,42809.0,42978.0,42343.0,42376.0,84079
2025-06-09,42796.0,42935.0,42599.0,42830.0,63941
2025-06-10,42911.0,42967.0,42673.0,42804.0,69128
2025-06-11,42908.0,43156.0,42754.0,42856.0,102569
2025-06-12,42990.0,43002.0,42587.0,42898.0,80160
2025-06-13,42207.0,42960.0,42090.0,42950.0,144214
2025-06-16,42537.0,42748.0,41847.0,42085.0,26093
2025-06-17,42228.0,42587.0,42149.0,42581.0,25873
2025-06-18,42188.0,42539.0,42096.0,42228.0,0
2025-06-20,42356.0,42377.0,41755.0,42185.0,131074
2025-06-23,42901.0,42943.0,42101.0,42268.0,119747
2025-06-24,43424.0,43515.0,42892.0,42900.0,87876
2025-06-25,43306.0,43467.0,43175.0,43409.0,69166
2025-06-26,43718.0,43752.0,43272.0,43349.0,67854
2025-06-27,44125.0,44288.0,43743.0,43743.0,95594
2025-06-30,44389.0,44442.0,44186.0,44203.0,79152
2025-07-01,44807.0,44917.0,44281.0,44345.0,95636
2025-07-02,44776.0,44960.0,44642.0,44821.0,78817
2025-07-03,45098.0,45178.0,44747.0,44788.0,0
2025-07-04,44840.0,45106.0,44790.0,45105.0,0
2025-07-07,44677.0,45133.0,44429.0,44906.0,109833
2025-07-08,44512.0,44716.0,44471.0,44561.0,81988
2025-07-09,44719.0,44831.0,44418.0,44513.0,78004
2025-07-10,44908.0,45042.0,44564.0,44730.0,71388
2025-07-11,44599.0,44943.0,44511.0,44880.0,81673
2025-07-14,44692.0,44706.0,44321.0,44454.0,67138
2025-07-15,44247.0,44829.0,44175.0,44660.0,88438
2025-07-16,44459.0,44483.0,43973.0,44192.0,110590
2025-07-17,44718.0,44773.0,44352.0,44438.0,72352
2025-07-18,44540.0,44860.0,44424.0,44727.0,73188
2025-07-21,44547.0,44814.0,44491.0,44536.0,71190
2025-07-22,44711.0,44750.0,44424.0,44578.0,77421
2025-07-23,45214.0,45233.0,44718.0,44720.0,90496
2025-07-24,44899.0,45146.0,44860.0,45146.0,75691
2025-07-25,45084.0,45127.0,44817.0,44945.0,68637
2025-07-28,45012.0,45314.0,44911.0,45229.0,64914
2025-07-29,44816.0,45122.0,44735.0,45013.0,82150
2025-07-30,44633.0,44912.0,44419.0,44800.0,91492
2025-07-31,44305.0,44852.0,44207.0,44711.0,115391
2025-08-01,43710.0,44327.0,43464.0,44312.0,144672
2025-08-04,44303.0,44391.0,43629.0,43693.0,78824
2025-08-05,44236.0,44433.0,44040.0,44374.0,95584
2025-08-06,44312.0,44482.0,44125.0,44262.0,84444
2025-08-07,44080.0,44615.0,43899.0,44312.0,109589
2025-08-08,44278.0,44385.0,44084.0,44125.0,72626
2025-08-11,44084.0,44415.0,44005.0,44344.0,74964
2025-08-12,44558.0,44603.0,44026.0,44062.0,88691
2025-08-13,45025.0,45069.0,44505.0,44566.0,83156
2025-08-14,44997.0,45141.0,44768.0,45018.0,85548
2025-08-15,45040.0,45368.0,44981.0,45108.0,89255
2025-08-18,44986.0,45115.0,44900.0,45016.0,63308
2025-08-19,44999.0,45289.0,44834.0,44989.0,81964
2025-08-20,44995.0,45122.0,44828.0,45020.0,105360
2025-08-21,44854.0,45028.0,44642.0,44984.0,89392
2025-08-22,45715.0,45841.0,44745.0,44887.0,105372
2025-08-25,45351.0,45749.0,45334.0,45726.0,67831
2025-08-26,45489.0,45539.0,45184.0,45383.0,71348
2025-08-27,45642.0,45698.0,45445.0,45529.0,59011
2025-08-28,45706.0,45800.0,45501.0,45632.0,71715
2025-08-29,45601.0,45688.0,45433.0,45667.0,0
2025-09-02,45351.0,45748.0,45002.0,45652.0,123251
2025-09-03,45308.0,45377.0,45036.0,45315.0,82526
2025-09-04,45688.0,45718.0,45223.0,45255.0,76491
2025-09-05,45459.0,45832.0,45257.0,45695.0,108994
2025-09-08,45575.0,45591.0,45321.0,45462.0,74916
2025-09-09,45757.0,45808.0,45470.0,45580.0,92536
2025-09-10,45540.0,45892.0,45415.0,45700.0,95339
2025-09-11,46141.0,46178.0,45487.0,45508.0,98438
2025-09-12,45854.0,46168.0,45830.0,46131.0,70416
2025-09-15,45921.0,46010.0,45796.0,45857.0,38655
2025-09-16,45784.0,45990.0,45680.0,45899.0,17144
2025-09-17,46021.0,46292.0,45701.0,45820.0,17529
2025-09-18,46168.0,46379.0,45959.0,46057.0,12194
2025-09-19,46328.0,46386.0,46060.0,46215.0,80511
2025-09-22,46724.0,46785.0,46362.0,46607.0,75535
2025-09-23,46637.0,47056.0,46546.0,46706.0,100363
2025-09-24,46441.0,46788.0,46414.0,46635.0,79701
2025-09-25,46268.0,46538.0,46098.0,46489.0,110765
2025-09-26,46556.0,46666.0,46233.0,46276.0,99693
2025-09-29,46612.0,46786.0,46442.0,46558.0,80860
2025-09-30,46689.0,46718.0,46386.0,46587.0,97588
2025-10-01,46725.0,46816.0,46336.0,46597.0,95064
2025-10-02,46806.0,46867.0,46542.0,46702.0,88238
2025-10-03,47031.0,47324.0,46759.0,46796.0,106478
2025-10-06,46958.0,47162.0,46694.0,47034.0,101289
2025-10-07,46852.0,47135.0,46701.0,46965.0,107694
2025-10-08,46867.0,47081.0,46752.0,46877.0,91582
2025-10-09,46593.0,46937.0,46507.0,46879.0,97045
2025-10-10,45706.0,46883.0,45369.0,46623.0,229551
2025-10-13,46298.0,46386.0,45757.0,45774.0,229551
2025-10-14,46500.0,46743.0,45662.0,46291.0,192925
2025-10-15,46492.0,46916.0,46236.0,46486.0,155808
2025-10-16,46160.0,46704.0,45983.0,46515.0,214447
2025-10-17,46381.0,46519.0,45609.0,46144.0,192830
2025-10-20,46913.0,46961.0,46316.0,46459.0,88743
2025-10-21,47135.0,47336.0,46812.0,46939.0,97199
2025-10-22,46782.0,47203.0,46645.0,47116.0,152970
2025-10-23,46922.0,46992.0,46598.0,46725.0,98890
2025-10-24,47396.0,47508.0,46876.0,46898.0,85359
2025-10-27,47712.0,47773.0,47547.0,47670.0,74678
2025-10-28,47895.0,48118.0,47684.0,47748.0,92731
2025-10-29,47797.0,48213.0,47612.0,47910.0,125551
2025-10-30,47677.0,48180.0,47548.0,47691.0,153576
2025-10-31,47722.0,47861.0,47488.0,47792.0,108416
2025-11-03,47473.0,47869.0,47264.0,47744.0,0
2025-11-04,47214.0,47473.0,46976.0,47465.0,117879
2025-11-05,47436.0,47582.0,47071.0,47298.0,101867
2025-11-06,47028.0,47496.0,46894.0,47466.0,125779
2025-11-07,47085.0,47174.0,46582.0,47089.0,144745
2025-11-10,47462.0,47511.0,47030.0,47206.0,99056
2025-11-11,48030.0,48082.0,47412.0,47460.0,96872
2025-11-12,48368.0,48528.0,48017.0,48032.0,105262
2025-11-13,47547.0,48503.0,47500.0,48380.0,157680
2025-11-14,47229.0,47645.0,46930.0,47623.0,178505
2025-11-17,46665.0,47367.0,46503.0,47266.0,143874
2025-11-18,46184.0,46757.0,45988.0,46709.0,209720
2025-11-19,46208.0,46376.0,45972.0,46158.0,150990
2025-11-20,45825.0,46937.0,45788.0,46227.0,246554
2025-11-21,46321.0,46655.0,45773.0,45835.0,218202
